,text,label,span
idx,,,
caf95764-0cc4-4e47-bd41-7519a48e3ff9,"Unter den eingeladenen Referenten befinden sich mit dem Virologen Christian Drosten und dem Leiter des Robert Koch-Instituts Lothar Wiehler entscheidende Köpfe der Virus-Bekämpfung in der Bundesrepublik und damit auch grundsätzliche Feindbilder der ""Querdenker"".",corona,"[250, 260]"
23862082-be9a-41d3-855f-e70f8682f125,"Sie bewegt sich derzeit auf dem Niveau der selbst ernannten Querdenker, denen ich einen eigenen Abschnitt gewidmet habe.",corona,"[60, 70]"
294658f6-6b2b-4562-8931-c18ee7c0d98b,"Übrigens scheint es aktuell - in Anbetracht der nicht mehr übersehbaren Corona-Epidemie-Realität, die zunehmend nicht mehr mit den Verschwörungserzählungen der Querdenker in Einklang gebracht werden kann - prominente Absetzbewegungen von den Corona-Leugnern zu geben.",corona,"[160, 170]"
774c63cc-ae6b-4a68-9aff-21ad5e554633,"Unklar, wieso die ""Querdenker"" dennoch vor allem zum Kosmos mobilisieren.",corona,"[19, 29]"
f68c3b2f-d29c-49df-944f-a9dd4ed1934f,"Darf man in Deutschland noch ein “Denker” sein (eine Gattung, für die das Land schließlich einmal berühmt war), oder wird man stufenlos gleich zum “Querdenker”, sobald man nur den Kopf anschaltet?",corona,"[148, 158]"
bba61818-4978-49aa-bb92-b2839e11c757,Die Gruppe der „Querdenker“ grenzt sich öffentlich von Extremisten ab.,corona,"[16, 26]"
2d889dbd-6514-4a72-87d9-8696f6025715,Auch nach den jüngsten Ausschreitungen gehen „Querdenker“ und Corona-Leugner wieder auf die Straße – in Leipzig ohne Genehmigung.,corona,"[46, 56]"
140b5377-1528-44f0-9198-b3aa08c51c06,4. Warum sich Querdenker an Gesichtsmasken abarbeiten?,corona,"[14, 24]"
850526d0-6db3-4fe3-987c-0ef75abc7e48,"Unabhängige Geister - das ich nicht lache, diese Großstadt-Ökos, 'Tierschützer', Anthroposophen, Jesus-Freaks und Anarchisten sind doch keine radikalen Querdenker, die hängen fester in ihren Netzen als jeder Nazi - und das Netz heißt ich-ich-ich-ich-ich bin mindestens der Mittelpunkt der Welt, wenn nicht noch mehr!",corona,"[152, 162]"
1732de67-5eeb-4fe5-8d07-c895b344c974,"Nicht die ganze Bewegung sei extremistisch, dennoch könnten Rechtsextremisten in einzelnen Bundesländern bei den „Querdenkern“ einen bestimmenden Einfluss ausüben.",corona,"[114, 124]"
5d6b0d86-3fac-43fe-bcc7-905b2bd46e93,6. Warum Querdenker unsere Gesellschaft bedrohen,corona,"[9, 19]"
78293564-b2cb-40b9-bad7-028e4f245e9b,"Auch bekannte Wortführer der ""Querdenker"" wie der HNO-Arzt Bodo Schiffmann und Rechtsanwalt Markus Haintz haben über die Sozialen Netzwerke ihr Kommen angekündigt.",corona,"[30, 40]"
f12386b4-7db7-4b92-96aa-47695fc42bf6,Dessen Intendant Ole Baekhoej geriert sich als Querdenker der Szene.,corona,"[47, 57]"
de4f5be1-7250-42e5-b49e-d44d78636780,"Aber man dürfe die Corona-Leugner oder ""Querdenker"" nicht als gleichbleibende Gruppierung betrachten, schrieb Sascha Lobo in seiner jüngsten Kolumne ""Wie die Blitzradikalisierung der Corona-Leugner funktioniert"".",corona,"[40, 50]"
c0a36c7d-4ded-49ab-a670-b66f36e64419,"Vielleicht sollte man es den Querdenkern und Corona-Leugnern einfacher machen: registrieren und dann dürfen sie machen, was sie wollen.",corona,"[29, 39]"
49462841-7086-4254-a794-f72f26b44942,"Bei Querdenkern, Rechtsextremen, Reichsbürgern und Verschwörungstheoretikern mit antisemitischem Hintergrund hört die Toleranz aber auf"", sagte Söder.",corona,"[4, 14]"
31ea2a9f-90df-466b-b6d7-d96936bd1500,Offenbar ist es ein fast unüberwindliches Hindernis für die sogenannten Querdenker sich bei einer Demo eine Maske aufzusetzen und Abstand zu halten.,corona,"[72, 82]"
6e033bf2-32e9-4696-b9ef-d436cd6306ce,"Am Morgen hatte das OVG die Verlegung gekippt, mittags waren schon Tausende ""Querdenker"" in Leipzigs City unterwegs.",corona,"[77, 87]"
bbdd419e-e34f-4c94-9ec0-b964b88de145,"Sein Ex-Rivale und Paypal-Kollege Peter Thiel hat das Glaubensbekenntnis der Querdenker in eine Interviewfrage gefasst, die der Investor angeblich jedem Bewerber stellt:",corona,"[77, 87]"
bf534b17-0d11-4113-a734-d6fb62c1e471,Als Ex-Grünen Politiker stellen ihn die „Querdenker 40“ um Selina Fullert vor.,corona,"[41, 51]"
8e6f72c0-cff8-4be2-8eef-d379cd972f68,Compact-Herausgeber Jürgen Elsässer fragt: „Stürzen Querdenker die Regierung?“,corona,"[52, 62]"
d294a93b-4a2f-46a8-8e56-a30e54ff7fea,5. Warum Querdenker die Pandemie bestreiten,corona,"[9, 19]"
0a546003-5d01-489c-b576-9f34482ed028,"Denn dass die „Querdenker“ Abstände und Mund-Nasen-Schutz ignorieren würden, war tatsächlich klar – es gehört zum Konzept und war bei vorherigen Protesten geübte Praxis.",corona,"[15, 25]"
a0b36a8d-27e1-4c3e-a78d-7d41da320c45,Hinter ihr stimmen hunderte “Querdenker” in diesen merkwürdigen Schlachtruf ein.,corona,"[29, 39]"
815c9e77-13b6-4205-b212-a3d6f3fcd544,Was sind überhaupt “Querdenker”?,corona,"[20, 30]"
080a3a69-0bf6-49c6-8fe6-7deec6990254,"Schon am Freitag soll es mit einer Kundgebung der „Querdenker“ vor dem Brandenburger Tor losgehen, eine weitere „Auftaktkundgebung“ ist vor dem Reichstag geplant, wo seit Tagen Reichsbürger campierten.",corona,"[51, 61]"
a7c350de-2093-4126-bba4-4b5def7d22a5,"Musk zählt zu den „Contrarians“, den Querdenkern, die den Widerspruch gegen den Mainstream zum Prinzip erklärt haben.",corona,"[37, 47]"
26a7c9d8-29be-4c65-9113-8652d1115fa3,ZDFheute:Aber handelt es sich bei den Querdenkern nicht um eine verhältnismäßig kleine Gruppe?,corona,"[38, 48]"
49f911d2-c022-498c-b564-5b1f96a56ccc,Auch ein „Campingplatz für vermeintliche Querdenker und Verschwörungsideologen“ werde man „nicht zulassen“.,corona,"[41, 51]"
8c8cee8e-a516-4a97-8c7e-d3389eaa6ae4,"Wenn der blau-weiß rautierte Innenminister fordert, man sollte auf alle Querdenker den Verfassungsschutz ansetzen, frage ich mich, worin wir uns effektiv eigentlich noch von der DDR, deren Vorgängersystem oder gar dem Preußen des 19. Jahrhunderts unterscheiden (Wobei ich nicht denke, dass die Überwachungsinstrumente der Preußen schon so effektiv waren).",corona,"[72, 82]"
e46e7647-9c44-4ca1-8c5e-12a52682b74c,"Haben sich doch einige dieser Querdenker, darunter deren Protagonisten, wohl von den rechtsradikalen Volksfeinden anstecken lassen - oder sollte ich besser sagen: weiter vereinnahmen lassen? - und bereiten eine Radikalisierung ihrer Bewegung vor:",corona,"[30, 40]"
566e9295-1268-413a-9ee3-d8b9d68ba99b,"Dieses mit fähigen Leuten aufzubauen – auch mit Querdenkern und kritischen Geistern – und es ständig auch bei Rückschlägen zu motivieren, ist eine Kernaufgabe.",corona,"[48, 58]"
fa6a745a-88ef-4616-97fe-5134fe32da0e,"„Querdenker 089“ ist ein regionaler Ableger der in Stuttgart gegründeten „Querdenker 711“, die wiederum für die Demo in Berlin verantwortlich war.",corona,"[1, 11]"
e04c9c1e-3ffc-4c70-b9c8-d4a94b1d52f1,"Die dortige Abschlusskundgebung der ""Querdenker"" lösten die Beamten nach kurzer Zeit auf, da die Hygieneauflagen nicht eingehalten wurden.",corona,"[37, 47]"
053a199d-a9fe-4fb3-a832-a6b22e3a98ce,"Zwei Anträge verraten den Wunsch, sich noch weiter den „Querdenkern“ anzunähern:",corona,"[56, 66]"
64dfb65a-7531-448d-8eb8-043ebbba0509,„Querdenker“ sorgen für Großeinsatz,corona,"[1, 11]"
60468faa-6889-486f-9348-9631aafa1309,Droht bei der nächsten Bundestagswahl ein Siegeszug der noch nicht existenten Partei der «Querdenker»?,corona,"[90, 100]"
fe2990ae-79e3-411f-96f4-9bfb07e5378e,Auf seinem Telegram-Kanal soll er Demo-Ankündigungen der Querdenker und Nachrichten des rechtsradikalen Verschwörungstheoretikers Attila Hildmann geteilt haben.(Tsp/dpa),corona,"[57, 67]"
03da473f-5d8a-4081-bdae-340e1800501e,"Mal ganz abgesehen davon, dass er sich offenbar auch schon mal in Argumenten von selbst ernannten Querdenkern verheddert.",corona,"[98, 108]"
06f07bd4-e698-46fe-9d73-aebcdea1842b,"Mit dem vergangenen Wochenende haben die ""Querdenker"" ihre Proteste endgültig delegitimiert.",corona,"[42, 52]"
3b286b54-ff25-40f8-93ec-baa7acaa4373,"Nicht nur ideologisch werden bei den ""Querdenkern"" Kinder instrumentalisiert:",corona,"[38, 48]"
b5f3805f-4647-4c82-8be3-84aaea3b7a9a,"Welche Erkenntnisse haben Sie über „Querdenker“ im Staatsdienst, in den Reihen der Polizei?",corona,"[36, 46]"
16513059-4233-47bc-87f4-cf72e11cb54d,Hausherr Olaf Scholz begrüßte ihn als „renommierten Wissenschaftler und kreativen Querdenker“.,corona,"[82, 92]"
674cc7b7-cdeb-440a-a5da-c87bb1c45bf6,Einzelne Flaschenwürde vonseiten der „Querdenker“ Richtung Gegendemonstration.,corona,"[38, 48]"
874adf4a-4d72-42da-a640-e8ce895e5bfe,Ein Teilnehmer in Leipzig erzählt gegenüberTE: „Querdenker waren als Querdenker im Demozug eigentlich nicht erkennbar.,corona,"[48, 58]"
a6db5fbe-60d2-46fb-b60d-4966b07e9384,"IX. Corona-Zweifler, selbsternannte Querdenker und sonstige Verschwörungs-Erzähler",corona,"[36, 46]"
d68eb1f8-733b-48b5-8dd2-118d650e1bb7,"Wie für Corona-Kundgebungen üblich ein bunter Haufen aus Querdenkern, Konservativen, Kapitalismuskritikern, Friedensbewegten und Esoterikern, aber in der Mehrzahl ganz normale Leute, viele mit Kindern, die Sorge um ihre Grundrechte haben.",corona,"[57, 67]"
8af6f89e-777e-4a0c-b742-5612b6817d3d,Sind denn die selbsternannten Querdenker automatisch Antisemiten?,corona,"[30, 40]"
8723d004-38b0-46bd-96cb-a5984853e876,"Ein wichtiger Aspekt ist aber auch, dass jenseits möglicher Niedergangsapologeten aufmerksame Querdenker dazu verhelfen, schlechten Zeiten gute Seiten abzugewinnen.",corona,"[94, 104]"
c2ddc5df-c24e-45e6-a008-6ab35656f41f,"Warum diese Ärztefunktionäre hin und wieder in das Geraune von selbst ernannten Querdenkern eingestimmt und damit Bevölkerungsteile zusätzlich verunsichert haben, bleibt deren Geheimnis.",corona,"[80, 90]"
c7d7fc3e-c801-4aec-99ab-36ec34332eeb,Dabei ist schon ein einziger Kleinbus voll selbsternannter „Querdenker“ verantwortungsloser als die komplette Jugend der Welt zusammen.,corona,"[60, 70]"
87008317-a5a7-4b23-b499-661b4c603b53,Querdenker viele offensichtlich keine Berührungsängste mit Rechts haben wird dies klare Distanzierung nie kommen.,corona,"[0, 10]"
6df022ce-6125-4dc3-b4a6-8f68957b0b28,"In den zahlreichen Social-Media-Gruppen der ""Querdenker"" herrscht in Reaktion auf das Demo-Verbot eine regelrechte ""Jetzt erst Recht!""-Stimmung.",corona,"[45, 55]"
4b3b4fbd-263c-458a-851e-85838fc907fb,Diese selbst ernannten „Querdenker“ sind Scheinriesen.,corona,"[24, 34]"
d25cde29-dcb9-420d-a89c-87b303274e92,"Es diene der Prävention, „wenn der Verfassungsschutz bei den Protesten der „Querdenker“ genau hinschaut“.",corona,"[76, 86]"
6c756315-b55b-4863-acbf-82723ec0f1ee,"Nachbemerkung: Vielleicht werden die Querdenker hoffentlich bald zu der Anerkennung finden, die ihnen gebührt.",corona,"[37, 47]"
d6373368-0fa1-4dad-9c47-b87e3a6b24ec,"Alles, was jetzt passiere, sei in der Verantwortung derer, die die Veranstaltung abbrechen, hieß es vonseiten der ""Querdenker"".",corona,"[115, 125]"
514f4df9-88cd-4cc9-a956-5e9ffe7385c5,"Er lebt in der Nähe von Zürich, wo er - als umtriebiger Querdenker - zwei eigene Unternehmen aufgebaut hat, die institutionelle Finanzanleger beraten, und zugleich regelmäßige Blogs zum Thema Wissenschaft und Zeitgeschehen unterhält.",corona,"[56, 66]"
8bb29abb-fbc8-4a4b-8d6a-543dbe3528e1,"Coronaleugner vernetzen sich mit Rechtsradikalen, Reichsbürger mit sogenannten Querdenkern, Impfgegnern.",corona,"[79, 89]"
7b8fd1b7-37d6-45e1-8832-bdeb336928d6,"Offensichtlich wäre es zu viel verlangt, wenn sich Querdenker auf diese neuen wissenschaftlichen Erkenntnisse einlassen.",corona,"[51, 61]"
82301702-f697-44e0-a63a-72d4cc70ea29,"Und wer sich wie die Hauptprotagonisten der Querdenker oder Nicht ohne uns-Bewegung mitten im Meinungskrieg befindet, mag es anders sehen.",corona,"[44, 54]"
5193e541-69f4-46e8-b107-9d360b9769d4,"Warum, haben sich viele schon gefragt, lehnen die selbst ernannten Querdenker entgegen aller wissenschaftlich gesicherten Untersuchungen Hygiene-Maßnahmen zur Bekämpfung der Corona-Pandemie wie insbesondere das Tragen von Masken so vehement und militant ab? Tragen Querdenker mit ihrem Masken-Boykott doch auch zur Ausbreitung des Virus bei!",corona,"[67, 77]"
dfde2ff3-3976-4471-b9bb-dfc3020255a4,"Als Leiter des Instituts für Öffentliche Finanzen an der Leibniz-Universität Hannover gilt er bei Querdenkern und Verschwörungsanhängern als äußerst glaubwürdig, liefert ihnen Argumente und einen serösen Anschein.",corona,"[98, 108]"
8359ebb8-49d2-48ee-83e7-dfa50bd3a171,"„Wir dürfen nicht zulassen, dass Berlin zu einem großen Campingplatz für vermeintliche Querdenker und Verschwörungsideologen gemacht wird.“",corona,"[87, 97]"
557f1ede-09a8-430a-8651-81e43b863613,"Die Initiatoren dieser Erklärung hatten zunächst einerseits nichts mit den oben genannten Pseudo-Wissenschaftlern a là Wodarg, Bhakdi etc. zu tun, was den unterzeichnenden schein-schlauen Querdenkern meistens gar nicht aufgefallen ist.",corona,"[188, 198]"
c0a37fea-9654-4530-9e46-cf53ad2302dc,"""Querdenkern"" ist es auch egal, wen sie da gleich mit mobilisieren.",corona,"[1, 11]"
48e166ff-f156-42ca-a5c5-7d65cc021e3d,"Damals hat die friedliche Demonstration stattgefunden, die Querdenker spielen mit unserer Erinnerungskultur.",corona,"[59, 69]"
8bf6b5bb-032f-49ae-99ca-80504f3f9312,"Ich gestehe, ein Querdenker zu sein.",corona,"[17, 27]"
ee8019b6-9851-4a73-8725-384527eafc0d,"Sie haben uns gestern in einem Video gesagt, dass Sie mit „Querdenkern“ gute Gespräche geführt haben, aber schlechte Erfahrungen mit einem Mitglied der „Identitären Bewegung“ gemacht haben.",corona,"[59, 69]"
2fb32d89-34af-4b3a-8ceb-c734145d783d,"Am vergangenen Wochenende prallten in Frankfurt „Querdenker“ mit linken Gegendemonstranten erstmals derart heftig aufeinander, dass beide Gruppen mit Wasserwerfern zur Raison gebracht werden mussten.",corona,"[49, 59]"
8e5ebce9-9026-4f64-ae81-261df1cf8c22,"Und hier haben wir ganz viele kleine Gruppen, die vorher keine gemeinsame Basis hatten, aber jetzt in der Gruppe der Querdenker plötzlich zusammenfinden.",corona,"[117, 127]"
295b716f-62a0-4108-a5fd-3181f25e3c4a,"Ebenso wird die oben skizzierte Schar von Querdenkern aller Couleur jetzt die wahren Anliegen von Menschen, die berechtigte Anliegen gegen Corona-Pandemie-Maßnahmen haben, nicht mehr erreichen!",corona,"[42, 52]"
7f1dbd7a-563a-4c9c-9d0d-fec91787a8ee,Bei Querdenkern war das von Anfang an sehr stark.,corona,"[4, 14]"
7fdf0b61-abaf-4984-91ee-7316ab7a07e7,"Im schwäbischen Göppingen hält er eine Rede an einer Veranstaltung der «Querdenker», die gegen die staatlichen Massnahmen zur Eindämmung des Coronavirus protestieren.",corona,"[72, 82]"
972acc54-cdc9-4dad-ad0f-0722e835fc80,"Warum wäre bei jedem linken Protest längst zum Pfefferspray gegriffen worden während “Querdenker” vor Einsatzkräften unbehelligt versuchen, Festgenommene zu befreien?",corona,"[86, 96]"
ef8709a9-606e-457a-9e7e-b97969831c60,Die „Querdenker“ konnten nun nachlegen und die vermissten Aspekte liefern.,corona,"[5, 15]"
805a8418-b8d9-4718-a491-58b30a290bf2,"Querdenker, dass ich nicht lache.",corona,"[0, 10]"
0bfefbf6-647b-4e4e-9356-575577141c8d,"Laut dem Organisatoren, Michael Ballweg, haben die „Querdenker“ europaweit mobilisiert, Menschen aus Frankreich, Spanien, Italien und den Niederlanden kämen nach Berlin.",corona,"[52, 62]"
bd59bf38-e373-4549-8ffa-5de1345db9bb,"Justizministerin Lambrecht wirft ""Querdenkern"" Verfassungsfeindlichkeit vor.",corona,"[34, 44]"
f1ae27e3-d0ed-4f30-8655-f507abe961a6,"Sich diesen Themen kraftvoll anzunehmen, haben die Querdenker versäumt, weshalb diese auch dafür nicht mehr infrage kommen.",corona,"[51, 61]"
e2a06d00-ea10-4ec5-9d20-bc25b787d277,"Ja, aber es gab auch bei den „Querdenkern“ Leute, die das Weltjudentum oder jüdische Millionäre für Corona verantwortlich machen.",corona,"[30, 40]"
7d0d9e20-3340-4799-8d7c-30b3d06587fe,"Damit, nämlich 'Querdenker' in der Debatte gleichermaßen zu hören, zumal Wissenschaftler (!), damit tun sich in der heutigen Krise die Medien und auch so mancher politische Entscheidungsträger einmal mehr schwer.",corona,"[16, 26]"
b3894cfd-b40e-4f2a-8cdf-4d57ffe0afa2,"Die Versammlungsfreiheit ist eines der höchsten Rechtsgüter, das Verbot könnte vom Verwaltungsgericht gekippt werden, sich so in einen juristischen Sieg für die angeblichen „Querdenker“ verwandeln.",corona,"[174, 184]"
c0f89259-9f50-4c89-9f1d-6e72e0862d8b,Spahn hat gestern in seinem Pressestatement entgegen besseren Wissens behauptet die Polizei hätte Wasserwerfer gebraucht um die Querdenker Demonstration aufzulösen.,corona,"[128, 138]"
56c34fa3-439f-487e-9388-44afd41aba3b,"Derweil kündigt die Gruppierung „Querdenker 089"" eine große Demo in München an - schon für Samstag (12. September).",corona,"[33, 43]"
aa0c5a4d-0ced-4a6f-95f5-888fd312f780,Ein Teilnehmer in Leipzig erzählt gegenüberTE: „Querdenker waren als Querdenker im Demozug eigentlich nicht erkennbar.,corona,"[48, 58]"
3e1dbf64-fada-4165-a5f2-ba8ad1dfe985,"Neben Anhängern der Stuttgarter Initiative „Querdenker“, die die Demo veranstaltet, nehmen auch zahlreiche Rechtsextreme an der Versammlung teilt.",corona,"[44, 54]"
104ef096-8254-466c-a459-b32bc0eb4f70,"Rettig, als eher intellektueller Querdenker mit den Großkopferten des Fußballs bisher oft etwas über Kreuz, will damit wohl der ganzen Fußballindustrie zur Hilfe kommen.",corona,"[33, 43]"
5baea1df-48b9-4ce7-a68c-fb6eeb9d34f7,Nathalie Kineider und Steve Wallsleiten ein Team von Querdenkern bei Serviceplan Suisse.,corona,"[53, 63]"
3077b6ad-b01e-4080-9d2f-d2a8493bac50,Beide Musiker sind improvisationsfreudige Querdenker.,corona,"[42, 52]"
3d510a5d-c15b-4b9f-bcec-c3a301c680fe,Ein wilder Querdenker und Musiker.,corona,"[11, 21]"
fc2447b9-7d43-4123-8aa3-90421773ab5d,"Welche Schlussfolgerung muß man also angesichts der Tatsache ziehen, dass Querdenker die Pandemie als beendet ansehen und alle Maßnahmen zu deren Bekämpfung einstellen wollen?",corona,"[74, 84]"
8c7f3824-598b-4210-b1a4-0da2e2a2fb21,InAichachprotestierten rund 30 Menschen gegen die „Querdenker“.,corona,"[51, 61]"
a0687765-00a6-4687-96c1-e5d8796560d9,"Er lebt in der Nähe von Zürich, wo er - als umtriebiger Querdenker - zwei eigene Unternehmen aufgebaut hat, die institutionelle Finanzanleger beraten, und zugleich regelmäßige Blogs zum Thema Wissenschaft und Zeitgeschehen unterhält.",corona,"[56, 66]"
fd8c3a44-dfbe-4d89-8ccf-3a3425ae4f9a,"Die Passanten, darunter auch „Querdenker“, und ich haben ziemlich schnell festgestellt, dass der überhaupt nicht am Dialog interessiert war – der wollte die Leute dort indoktrinieren.",corona,"[30, 40]"
626c7cbf-6c43-4181-a107-0f7612f00661,"Nach den Protesten gegen die Reform des Infektionsschutzgesetzes hat Lambrecht Teile der ""Querdenker"" scharf kritisiert.",corona,"[90, 100]"
00490bba-d1af-4e0f-85c2-85d5eae29c29,"""Aber was tun, wenn genau in diesen Zeiten unser Dorf von Querdenkern, Coronaleugnern und Rechten vereinnahmt wird?""",corona,"[58, 68]"
e25260f3-8cdb-406c-b787-f5b6a47dcebc,"Sich selbst betrachten sie als Aufklärer, Querdenker oder schlicht als Volk.",corona,"[42, 52]"
6630613b-ddb5-42d2-9380-03c46759cf73,"Der Chef des Hamburger Verfassungsschutzes, Torsten Voß, dagegen erklärte dem „Spiegel“, es werde schwierig, „wenn vermeintliche Querdenker der Regierung unterstellen, sie habe das Virus erfunden, um die Bevölkerung zu unterdrücken“.",corona,"[129, 139]"
162a4e45-e05a-4fb5-b272-06d7f109db49,Am Hauptbahnhof sollen„Querdenker“aufGegendemonstrantengestoßen sein.,corona,"[23, 33]"
006b1c0f-a42c-4d76-afc9-a1b211506fc4,"Die beiden Ökonomen, Querdenker und mehrfache Bestsellerautoren haben zuletzt das Buch Der größte Crash aller Zeiten - Wirtschaft, Politik, Gesellschaft.",corona,"[21, 31]"
d7efd110-d7cc-4a12-901b-4d9400b182d4,"Und recherchiert z.B. nach, wieviele ""Querdenker"" krank wurden (Is' irgendwie stiller um sie geworden...)",corona,"[38, 48]"
80783f3d-0bc0-498f-91eb-de118a279977,Die Stuttgarter „Querdenker“ bezeichnen sich selbst als politisch absolut neutral.,corona,"[17, 27]"
28753a76-567e-4a01-8604-91528800cb2c,"Der Querdenker 711-Gründer, Michael Ballweg, will auch am Odeonsplatz sprechen.",corona,"[4, 14]"
372a2f03-371b-4a41-b492-9c10ac26f523,"Tübingens Oberbürgermeister Boris Palmer, der sich oft schon in der Pose eines tabubrechenden Querdenkers gefiel, heizte die Debatte am Dienstag mit der Aussage an, deutsche Kliniken retteten zurzeit Menschen, „die in einem halben Jahr sowieso tot wären – aufgrund ihres Alters und ihrer Vorerkrankungen“.",corona,"[94, 104]"
1f6588c1-bfab-4646-b4ce-393e47ce85e8,Die Gruppe der „Querdenker“ grenzt sich öffentlich von Extremisten ab.,corona,"[16, 26]"
5d4739c9-af99-48dc-b1c4-bf0a1579dbbc,Der PR-Stunt der Anwälte erfreut sich vor allem in alternativen Medien und bei Querdenkern großer Beliebtheit.,corona,"[79, 89]"
8dd99cb8-c3b2-423b-b0ef-147e360883f9,"Ich habe ein ungutes Gefühl, dass sich bei einem Teil der Querdenker Ähnliches anbahnt.",corona,"[58, 68]"
b72d8389-0222-4a40-98d5-170054570ae8,"Führende Vertreter Ihrer Kirche, zum Beispiel Kardinal Gerhard Ludwig Müller, der ehemalige Bischof von Regensburg, befeuern ja sogar das Lager der „Querdenker“ mit Verschwörungstheorien.",corona,"[149, 159]"
3b92ad39-f761-4dce-8a00-a768cb4773ed,Dennoch erzwangen die„Querdenker“den Rundgang über den Ring.,corona,"[22, 32]"
0d374c1e-098b-4b20-95cc-d454acd4407b,"Die Beamten setzten am Samstagnachmittag vereinzelt auch Schlagstöcke ein, um den Weg für den Demonstrationszug der rund 600 ""Querdenker"" im Bahnhofsviertel frei zu räumen.",corona,"[126, 136]"
3864b6d9-deef-4797-b2c0-af425e74ab77,"Die Gruppierung „Querdenker 089"" hat eine Demo am Odeonsplatz angemeldet - mit rund 5000 Teilnehmern.",corona,"[17, 27]"
9b29a137-8334-4495-8c41-0b674d84d4ea,"So ist es in einem Video zu sehen, das die „Querdenker“ ins Netz stellten. M. wartete kurz, bis er sich gegen die Buh-Rufe der Demonstranten Gehör verschaffen konnte - und blieb bei der Aufforderung an die Protestierer, die Straße des 17. Juni zu verlassen und die Demonstration zu beenden.",corona,"[44, 54]"
7f5e19dc-74d5-4eae-9469-550e4f9be8c6,"„Querdenker 089“ ist ein regionaler Ableger der in Stuttgart gegründeten „Querdenker 711“, die wiederum für die Demo in Berlin verantwortlich war.",corona,"[1, 11]"
224d89f9-6719-48c8-ba84-e6823d9fae0e,"Das waren nicht die Querdenker, es waren schon wieder die staatlich finanzierten Schlägerbanden der kriminellen SAntifa. IN CONNEWITZ UND PLAGWITZPolizeiwachen in Leipzig angegriffen Unbekannte bewarfen am Sonntag eine Dienststelle in Connewitz mit Steinen und Flaschen.",corona,"[20, 30]"
3bb471e1-99c9-47b8-b542-97b88ec85dad,"Einige kritisieren ihn als „Verharmloser“ der Pandemie, bei anderen weckt er Sympathien als sogenannter „Querdenker“.",corona,"[105, 115]"
55d8f62d-6a65-4eda-b6b4-c8ec4a12f521,"Am Sonntag in München beispielsweise tricksten die „Querdenker“ Polizei und Versammlungsbehörde schlicht aus, indem sie ihre Kundgebung mit rund 2000 Menschen auf der Theresienwiese zum Gottesdienst umdeklarierten.",corona,"[52, 62]"
f1f2ba97-9d81-42a9-92d2-8f8f6d99ed98,"""Querdenker:",corona,"[1, 11]"
a757cd93-12c9-447e-bdc1-595b33d89cb1,"Darf ich davon ausgehen, dass das Nichttragen von MNS durch die Querdenker von der Polizei Frankfurt NICHT als Angriff auf Polizeibeamte gewertet wird?",corona,"[64, 74]"
20aa5dae-1220-4559-8e05-b25004cf36e6,"Update vom 7. September, 8.01 Uhr:Die Vereinigung „Querdenker 089"" hat eine groß angelegte Demonstration in München angemeldet.",corona,"[51, 61]"
dfd131e5-7944-4820-9fd6-1c1852f79a7f,"- zu Corona-Zweiflern, selbst ernannten Querdenkern und sonstigen Verschwörungserzählern: von Ignoranten bis zu mimosenhaften Egomanen",corona,"[40, 50]"
172eba62-a4bb-4825-b224-dd6686b47fa7,"Schon das hält man bei den sogenannten Querdenkern und ihren Verbündeten im Bundestag, der AfD, für übertrieben und Panikmache.",corona,"[39, 49]"
4deac141-4979-4410-966d-39c125037494,Und die „Querdenker“ waren gemäßigter?,corona,"[9, 19]"
f856d9af-4ce1-43ea-a64a-946875a47d8b,Dies trifft auf alle bekannten Querdenker in den Parteien zu.,corona,"[31, 41]"
5e55fef0-73aa-4e24-88fd-7b90e782e174,"Sich selbst betrachten sie als Aufklärer, Querdenker oder schlicht als Volk.",corona,"[42, 52]"
2ae359cd-c4a3-4484-b5be-b25690d78673,„Querdenker“ mobilisieren für Demo gegen WHO Gipfel,corona,"[1, 11]"
303ca5bc-7efc-4f4a-be8f-aa51fcb808e1,Elon Muskgibt sich das Image eine Querdenkers und Rebellen - nicht nur in Fragen der Wirtschaft.,corona,"[34, 44]"
ce4eba02-6f64-4a00-b528-5ec862ba7c2b,"Während sich die in den letzten Wochen auf der Straße des 17. Juni flanierenden „Querdenker“ bekanntlich wenig um das Corona-bedingte Abstandhalten und das Maskengebot kümmerten, hatten die Organisatoren des Klimastreiks zahlreiche Ordner engagiert, um immer wieder auf die Covid19-Maßnahmen hinzuweisen.",corona,"[81, 91]"
1d62399b-e92e-4658-8c9b-460ed87c52e1,Circa tausend Querdenker bereits jetzt am Brandenburger Tor.,corona,"[14, 24]"
8788f2fc-a078-418a-99ef-47e568a58b2d,"Dort allerdings dürfen die Querdenker fröhlich beisammenstehen (freilich mit 1,5 Metern Abstand).",corona,"[27, 37]"
0cb93890-c793-4ba5-ae84-bfc65c3f2ce5,"Suggeriert wird, dass der Minister sich der Meinung der sogenannten Querdenker annimmt, die seit Wochen mit diesem Argument gegen die Coronapolitik der Großen Koalition protestieren.",corona,"[68, 78]"
c7e71da2-6fd6-4ca1-88ac-6b37e64202ac,"Im Interview zieht er eine erste Zwischenbilanz – und kündigt ein konsequentes Vorgehen gegen jenen Teil der „Querdenker“ an, bei denen er eine Radikalisierung befürchtet.",corona,"[110, 120]"
b2ba3dbf-a3a5-457d-855a-8d50e4609a00,"Ein Merkmal der Corona-Proteste ist die Wissenschaftsfeindlichkeit vieler selbsternannter ""Querdenker"".",corona,"[91, 101]"
669ec910-91c9-495f-bf97-caa6f129d017,"Die für den 29. August geplante und nun untersagte Demo wurde maßgeblich von der Bewegung ""Querdenker 711"" initiiert.",corona,"[91, 101]"
cc3b9d14-1983-4398-ab14-728883eb0b0e,"Natürlich sind diese Fakten den selbsternannten Querdenkern ein Dorn im Auge, weil das so gar nicht zu deren Verschwörungs-Masken-Narrativ passen will.",corona,"[48, 58]"
e90c288c-ce88-4143-92c5-8fa1434511ab,Für die Querdenker mag das zutreffen!,corona,"[8, 18]"
0922d1d6-b0d4-4000-88f1-5f2a41ec6569,„Wollt ihr den totalen Lockdown?“Berliner Staatsanwältin demonstriert mit „Reichsbürgern“ und „Querdenkern“,corona,"[95, 105]"
bf42b73e-1925-4ebc-ab87-e500544cc221,"Einer der Poster Boys der „Querdenker“, Samuel Eckert, ist ebenfalls Adventist.",corona,"[27, 37]"
2190c843-cd42-4420-8496-fc680f140b9f,Rund 5000 Menschen wollen die „Querdenker“ mobilisieren.,corona,"[31, 41]"
68bb6523-353a-41be-8758-5b4369092223,"Ein Rave hier, eine Demo von Querdenkern (100 Millionen Teilnehmer) da, Fitnessstudio, Restaurantbesuch, leider keine Maske dabei, Gottesdienst, Kneipe (Name?",corona,"[29, 39]"
11c739be-276d-4b66-9334-cf676ef8a333,"Alkoholverbote bringen nichts, außer, dass sie Trinkfreudige aus Trotz den Querdenkern zutreiben.",corona,"[75, 85]"
03d72f26-1311-4e38-9852-d2966423559d,"Angenommen, Bill Gates würde die Bundesregierung veranlassen, gesetzlich vorzuschreiben, dass man bei Rot stehen und bei Grün gehen soll, gäbe ich uns derzeit drei Wochen, bis die ersten Querdenker mit dem heroischen Ruf „Nachdenken!“ bei Rot untern Laster hüpfen.",corona,"[187, 197]"
34c5a8f3-2ed5-45ec-aed1-ce259681dc4a,"Union, SPD, FDP, Grüne und Linkspartei attackieren die AfD, weil sie Querdenker in den Bundestag schleuste.",corona,"[69, 79]"
44cacb52-f29a-4025-a655-9f336a632f50,"Bitte lasst Euch von diesen beratungsresistenten und ignoranten Menschen, die sich „Querdenker“ nennen, nicht verunsichern.",corona,"[84, 94]"
e4c323bd-3546-4a3c-af29-4f16cb9417c9,"Bayerns Ministerpräsident Söder (CSU) will, dass sich der Verfassungsschutz intensiver mit der Bewegung der ""Querdenker"" befasst.",corona,"[109, 119]"
5d6a9241-9047-4b4e-9fb9-e652b51c42fe,Für Querdenker gelten keine Sonderrechte.“,corona,"[4, 14]"
110bd9d7-f2c0-4e8f-925f-26a00e007176,"Ballwegs Kurve zeigt die wachsende Teilnehmerzahl der Demonstrationen, die er mit seiner Initiative „Querdenker 711“ seit fünf Wochen organisiert.",corona,"[101, 111]"
32aff9c1-4adc-49a5-aa3f-d0c2f6ac98aa,@Walter Sobchak Übrigens sollten aufgeklärte Menschen diese Quarkdenker nicht mit dem Begriff Querdenker aufwerten.,corona,"[94, 104]"
cc778b75-14bf-4944-9698-49e8309b52fa,"Interdisziplinäre Teams aus Ärzten, IT-Experten und Querdenkern treten am Montag wieder an, kreative digitale Lösungen für das Gesundheitswesen zu entwickeln: beim Healthcare Hackathon.",corona,"[52, 62]"
a493b7e8-a578-4c7a-b501-aa462b5b47f4,"""Querdenker"": Söder will Vernetzung mit der AfD beleuchten: Aus Sicht von CSU-Chef Markus Söder sollten die Sicherheitsbehörden die Vernetzung zwischen AfD und der sogenannten Querdenker-Bewegung besser ausleuchten.",corona,"[1, 11]"
3bf7597c-c3d8-48f9-9b77-415dfe2dcc5f,"Das erkläre auch, warum Nazivergleiche (Stichwort »Ermächtigungsgesetz« oder auch »Impf-Holocaust«) zum Standardrepertoire sogenannter Querdenker gehören: Sie entsprächen einfach »dem deutschen Maximalhorror, den man bei einer ständigen Steigerung zwingend erreicht«.",corona,"[135, 145]"
8130d4bd-318e-42a1-8c47-c5c1c4a3fef7,"Bouffier schloss nicht aus, dass es „Querdenker“ auch bei der hessischen Polizei gebe, die 20.000 Beschäftigte habe.",corona,"[37, 47]"
baf4a76f-d7f2-48d8-b840-2f33e2594b40,Letztes Wochenende gab es nun eine rechtspopulistische „Querdenker 089“-Kundgebung auf der Münchner Theresienwiese.,corona,"[56, 66]"
a0fbc352-e5dd-4e01-89fc-e8f126ca54ff,"Die möglicherweise erstaunten, ungläubigen Querdenker weise ich gerne auf die italienische Plattform „Kampf gegen schlechte Wissenschaft und Pseudoforschung“ für weitere Informationen hin.",corona,"[43, 53]"
32e6df78-6b7b-4252-a2e3-6fb7b96e78e5,"Am Morgen hatte das OVG die Verlegung gekippt, mittags waren schon Tausende ""Querdenker"" in der Leipziger City unterwegs.",corona,"[77, 87]"
8a185031-5d6d-4260-aa7b-43eb6b92b189,"@Jim Hawkins Als Ergänzung: ""Querdenker""?",corona,"[29, 39]"
1475e63a-8348-4ff3-84d0-c9a9d57b6e78,"Als hätte die bunte Mischung der selbsternannten ""Querdenker"" insgesamt versucht, sich von der braunen abzugrenzen.",corona,"[50, 60]"
62a2444c-a7e3-4dfe-98bf-0c7caa53e37a,"Wir haben beobachtet, wie insbesondere dierechte Szeneimmer wieder dazu aufgerufen hat, die Querdenker zu unterstützen.",corona,"[92, 102]"
45dee514-5b98-4eb4-805f-5e7f7419a585,Seit Monaten kämpft die Bewegung der „Querdenker“ gegen die Corona-Maßnahmen.,corona,"[38, 48]"
ad09013f-1e83-4269-8b5f-7942f60f75de,Wie viele Coronaleugner und Querdenker gibt es in Österreich?,corona,"[28, 38]"
d3013435-dd65-41e6-8a5f-44e5c0781e0a,Die „Querdenker“ machten am Montag dagegen ungerührt weiter.,corona,"[5, 15]"
62d1e137-5d78-41b6-8c54-beabe51537f5,"""Gerade die Querdenker entwickeln sich sektenähnlich und isolieren normale Bürger in ihrer Verschwörungsblase.",corona,"[12, 22]"
b0d4fd11-f2d1-4cf6-bc22-9e990206da6f,"Unabhängige Geister - das ich nicht lache, diese Großstadt-Ökos, 'Tierschützer', Anthroposophen, Jesus-Freaks und Anarchisten sind doch keine radikalen Querdenker, die hängen fester in ihren Netzen als jeder Nazi - und das Netz heißt ich-ich-ich-ich-ich bin mindestens der Mittelpunkt der Welt, wenn nicht noch mehr!",corona,"[152, 162]"
2136c6c6-4b52-42e7-8cf7-932ac4fd1d1c,TEerreicht am Sonntag den Gründer der Querdenker beim Mittagessen.,corona,"[38, 48]"
1d19d718-b071-4d10-b2ca-fea6c95a1273,"Jetzt kann man über Leipzig nicht unbedingt sagen, dass die Querdenker hier besonders präsent gewesen wären als Gruppe, trotz Anmelderfunktion.",corona,"[60, 70]"
0cc9263f-3335-48fa-8ed5-9171c596435a,"Warum, haben sich viele schon gefragt, lehnen die selbst ernannten Querdenker entgegen aller wissenschaftlich gesicherten Untersuchungen Hygiene-Maßnahmen zur Bekämpfung der Corona-Pandemie wie insbesondere das Tragen von Masken so vehement und militant ab? Tragen Querdenker mit ihrem Masken-Boykott doch auch zur Ausbreitung des Virus bei!",corona,"[67, 77]"
76e069bc-a439-4e86-b4dd-8f078c4dff11,"Wie abstrus diese Verirrung der selbst ernannten Querdenker ist, kann man sich wie folgt klar machen:",corona,"[49, 59]"
2e38858b-4c7e-46a9-80bc-87ca9e252a49,"Sie ist ein Paradebeispiel dafür, was passieren kann, wenn Querdenker nicht gehört werden, etwa der Epidemiologe Tom Jefferson, der für die Cochrane Collaboration und die Universität Oxford arbeitet...""",corona,"[59, 69]"
67ca9c47-55ba-498b-96f9-602d70e71d7c,"Exakt 2 Wochen vor dem ersten signifikanten Anstieg fand doch in Berlin die Massendemo der sogenannten ""Querdenker"" (siehe auch: www.titanic-magazi...42_87f04e1b04.jpg) statt, mit gewollten massenhaften Verstoßen gegen Hygienevorschriften sowie fabuliertem ""Sturm auf den Reichstag"".",corona,"[104, 114]"
18cd2008-c924-45e0-9445-2c3a6ad672b0,Warum ballt sich gerade im Südwesten der Protest der sogenannten Querdenker?,corona,"[65, 75]"
17191d88-92df-42d1-82b3-e45be3ad7b26,"Ich habe auch keine Demos von Querdenkern besucht, obwohl Querdenken eigentlich meinem Ideal von politischer Meinungsbildung entspricht und ich diesen Leuten allein schon dafür dankbar bin, dass sie das Wort in Umlauf gebracht haben.",corona,"[30, 40]"
3a547e23-e5e1-41b2-adb2-91cd5996b2f5,"Sagen tue ich das aber lieber nicht, in diesen Tagen ist man als denkender Mensch allzu schnell ein Querdenker.",corona,"[100, 110]"
26905026-538f-4082-8068-836efca86d75,ZDFheute:Wer verbirgt sich denn hinter den so genannten Querdenkern?,corona,"[56, 66]"
d55161f5-1bc2-4318-804b-934c67ea2199,"Hasskommentare, NS-Vergleiche bei Querdenkern:",corona,"[34, 44]"
898309c3-eb76-40d7-83ae-177e80c7a026,"„Die ,Querdenker‘-Szene radikalisiert sich rasend schnell“, erklärt auch der Sprecher des DJV, Hendrik Zörner:",corona,"[6, 16]"
a3b10763-e540-4e32-8d8d-1afa41f9c684,Es gibt diesen Ausdruck: «Querdenker».,corona,"[26, 36]"
6cf382fc-0ed3-48b3-a530-c3b1f1e413f2,"Warum stellen sich die Autoren der DNEbM-Stellungnahme nicht mal die Frage, weshalb die Maßnahmen, die sie als zu wenig evidenzbasiert kritisieren wie z.B. das Maskentragen, in China - aber auch anderswo - seit über 20 Jahrhunderten, also nicht erst seit der Industrialisierung, eine bewährte, selbst von dortigen Querdenkern akzeptierte und erfolgreiche Praxis zur Seuchenbekämpfung sind?",corona,"[314, 324]"
6848ea73-ed8d-465f-b988-8a6c20bf6e38,"Darunter das übliche Gemisch der selbst ernannten ""Querdenker"": eine recht große Gruppe von schwer verwirrten Verschwörungstheoretikern, einige Protestler mit berechtigten Sorgen, die sich offenbar wenig Gedanken darüber machen, mit wem sie da marschieren – und dazu nicht wenige Rechtsextremisten, die sich dem Corona-Leugner-Milieu anbiedern.",corona,"[51, 61]"
e5cfa0a8-ec22-48b3-8aea-0028d44b2e2c,Der BAP-Sänger Wolfgang Niedecken hält „Querdenker“ für Scheinriesen – bei FFF läuft er aber gerne mit.,corona,"[40, 50]"
91f846a8-5000-4aae-a431-485a39eb493a,"Und das gilt nicht nur zu Ihren Gunsten, sondern auch für Querdenker und alle anderen Ihnen sonst noch missliebigen Personen.",corona,"[58, 68]"
d48d2731-643a-429e-ad77-aa34b360fe4f,"Leute unterschiedlichster Herkunft und Geisteshaltung also, die sich selbst zugutehalten, als „Querdenker“ aufrecht durchs Leben geschritten zu sein – und sich nun aufgefordert fühlen, mal so richtig auf den Putz zu hauen.",corona,"[95, 105]"
56634168-db0b-4241-80b7-1d18967354f4,Angeblich Demonstrantin getötet:„Querdenker“ verbreiten gezielt Fakenews über Demo-Wochenende,corona,"[33, 43]"
1f30b05f-22bb-4bb1-ab89-1368173ff662,"Wie die Polizei auf Twitter verkündet, wurden zur Räumung der Straße für den Zug der „Querdenker“ allerdings auch Wasserwerfer eingesetzt.",corona,"[86, 96]"
33b82a1e-198e-4e23-a216-c7f3b3046c65,"Söder zufolge muss das ""Phänomen Querdenker"" stärker geprüft und genauer darauf geschaut werden, was dahinter stecke.",corona,"[33, 43]"
c9b3a625-ec18-4e3f-85a4-4bb99997f7ce,"Die selbsternannten Querdenker, die mit dem Grundgesetz rumfuchteln: Sie treten seinen Inhalt mit Füßen.",corona,"[20, 30]"
220cff2b-cc78-43fa-89b8-8adb3cc58c48,Eine klare Distanzierung der „Querdenker“ von den Neonazis jedenfalls blieb aus:,corona,"[30, 40]"
a6f9904c-a0fa-40c4-9e6f-96c929e4ec96,"Seit Monaten schon versuchen „Querdenker“, sich als Advokaten der Freiheit in Szene zu setzen, die heute mit Füßen getreten werde.",corona,"[30, 40]"
1f85ca9f-8091-4ec2-9ba8-aefe0449a226,"Leute unterschiedlichster Herkunft und Geisteshaltung also, die sich selbst zugutehalten, als „Querdenker“ aufrecht durchs Leben geschritten zu sein – und sich nun aufgefordert fühlen, mal so richtig auf den Putz zu hauen.",corona,"[95, 105]"
3671b026-7890-4a7e-8358-4b229f1d8f8f,"Aufrufe von Querdenkern auf Twitter, Kinder mitzubringen, gibt es wohl, aber da weiß man ja nie, wie es um die Echtheit bestellt ist.",corona,"[12, 22]"
77d5e172-0388-401b-baf0-c66ddc09ab69,"Der sich selbst als freiheitsliebend bezeichnende„Querdenker 711“-Initiator Stephan Bergmannsteht derweil unter dem Verdacht, identitäres Gedankengut zu verbreiten.",corona,"[50, 60]"
ead355a1-3f83-40a6-927b-212e0526e2ef,"Er habe ""ein ungutes Gefühl, dass sich bei einem Teil der Querdenker Ähnliches anbahnt"", sagte der bayerische Regierungschef.",corona,"[58, 68]"
258f3396-01e0-464c-8224-6b76d7582d24,Die Querdenker zeigen bewusst Bilder von 1989 und nennen sich Diktaturopfer.,corona,"[4, 14]"
6b1408aa-d5b8-4c11-a452-48ca1c423364,"„Darf ich davon ausgehen, dass das Nichttragen von MNS durch die Querdenker von der Polizei Frankfurt NICHT als Angriff auf Polizeibeamte gewertet wird?",corona,"[65, 75]"
3b243073-4f6f-46b4-9d17-9d55a8b2a975,@ Querdenker,corona,"[2, 12]"
d6eb10e3-e706-436e-be88-6bf684061c5f,"Union, SPD, FDP, Grüne und Linkspartei attackieren die AfD, weil sie Querdenker in den Bundestag schleuste.",corona,"[69, 79]"
062d3b50-51ef-4894-95e2-3561b3f684c1,"Nur: Im Grunde ist inzwischen ganz gut bekannt, wofür die Pandemieleugner und ""Querdenker"" stehen.",corona,"[79, 89]"
31f63f35-8476-4b92-ad6d-d3ad9d6d560f,nicht Querdenker!,corona,"[6, 16]"
53d617de-909a-496a-b25b-b0be59ad6bb4,Oder zeichnet sich hier gar eine spätere Laufbahn als “Querdenker” ab?,corona,"[55, 65]"
4b40142e-09b8-4924-bcab-7a2678ec1712,Dieses Durcheinander wird auch gerne von den sogenannten Querdenkern für ihre Leugnung der Corona-Kranken benutzt.,corona,"[57, 67]"
0dae50af-55fe-4669-b10a-e63161a45f2f,"Eine Bremerin, die mit Mann und Tochter gegen die „Querdenker“ protestiert hatte – „damit es nicht immer nur die Antifa und die Omas gegen rechts sind“ –, erstattete am Tag darauf Anzeige und informierte unter anderem die taz.",corona,"[51, 61]"
76128665-373e-4281-b078-8f12de20e95c,Auch in Darmstadt gab sich der sogenannte Querdenker als Polizist zu erkennen.,corona,"[42, 52]"
5dd7fdd9-389b-4f46-8338-2d88d9130f5e,"Sehr schlecht erzogene Erwachsene („AfD“-Anhänger, „Pegida“-Trottel, „Querdenker“, „QAnon“-Fans, Erdogan-Anbeter etc.) brauchen sehr wohl Erziehung, und zwar ganz dringend.“",corona,"[70, 80]"
123dcb09-674a-4330-a3f8-913608f3d2cc,"Die Verschwörungs-Erzählungen der selbst ernannten, sich zunehmend radikalisierenden Querdenker sind nichts anderes als Virenkunde für ignorante Dummies, die sich für die Gutmenschen halten und gerne die anderen auf das Übelste alarmistisch und hysterisch, herablassend und übellaunig beschimpfen und respektlos und hinterfotzig beleidigen!",corona,"[85, 95]"
32ad343f-b9a3-4cde-b54c-9420a703d3d2,"Es war eine absurde Szene, die sich gestern auf der Demo der ""Querdenker"" in Hannover abspielte.",corona,"[62, 72]"
ddd80cf7-1e0e-4f3b-9796-323c17cde118,"„Querdenker“ und Rechte wollen am Mittwoch verhindern, dass das Infektionsschutzgesetz novelliert wird.",corona,"[1, 11]"
18da6032-0a91-4bfb-8e3f-c61ccb1f0de2,"Als Redner wird unter anderem der verschwörungsideologische Buchautor Thorsten Schulte aufgeführt, der lange zu den führenden Köpfen der „Querdenken-Bewegung“ gehörte und nun nach internen Zerwürfnissen bei den „Querdenkern“ mit eigenen Mitstreitern durch die Bundesrepublik tourt.",corona,"[212, 222]"
0e5ba608-9b28-4497-a699-ba0335f7402d,"Denn ist ein Impfstoff gegen SARS-CoV-2 erst da, werden viele der Querdenker, die schon heute die Ängste vor Impfschäden schüren, erst recht demonstrieren und die sozialen Medien mit ihren Ansichten fluten.",corona,"[66, 76]"
1cc0d382-1eb0-459c-8e4c-01e3fc376ccf,"In einem Jahr wird Merkel weg sein, darum müssen sich weder Frau Lengsfeld noch irgendwelche selbsternannten Querdenker Sorgen machen.",corona,"[109, 119]"
e96bbdd4-04fc-47d3-abfc-80b0b07e7a59,Auch widersprechen die meisten Thesen der selbst ernannten Querdenker eklatant dieser Deklaration!,corona,"[59, 69]"
9dba2230-9505-4971-a5d5-b9f3c0c8856b,"Underground, Widerstand und Protest wandern nach rechts: „Querdenker 711“ und „Widerstand 2020“ demonstrieren gegen Maßnahmen zur Eindämmung der neuen Pest.",corona,"[58, 68]"
97a3e86d-7ed6-4b8d-81ad-ce5e97b912f0,"Es gelte genau hinzusehen, ""welche engen Verbindungen und Verflechtungen es zwischen AfD und Querdenkern gibt"", sagte der bayerische Ministerpräsident der ""Passauer Neuen Presse"" und dem ""Donaukurier"".",corona,"[93, 103]"
655887b2-9c40-447d-9391-303aa939e183,"Diese Argumentation machen sich nicht nur die Anhänger der „Querdenker 711“ zunutze, sondern erst recht diejenigen, die solche Demonstrationen wie Ende August in Berlin für sich instrumentalisieren wollen:",corona,"[60, 70]"
0d1ec30b-71b1-4322-b5b8-ec6273484e9f,Thomas Strobl: Die Sicherheitsbehörden haben die »Querdenker« auf dem Schirm.,corona,"[50, 60]"
21213b56-6b3c-45c8-86b6-01deb3d44127,Die AfD hat sich zum parlamentarischen Arm von Rechtsradikalen und Querdenkern gemacht.,corona,"[67, 77]"
3a3d63a3-9606-4342-a878-160ca8292522,"Der bayerische Ministerpräsident Markus Söder (CSU) fordert die Sicherheitsbehörden auf, besser zu beleuchten, ""welche engen Verbindungen und Verflechtungen es zwischen AfD und Querdenkern gibt"".",corona,"[177, 187]"
8e9effaf-93aa-414f-85df-7e6c0217c6a6,Ein deutlicher Fortschritt gegenüber der Nicht-Reportage von der Berliner Augustdemonstration der Querdenker.,corona,"[98, 108]"
3d48fa94-51c0-4441-b2af-f079b2eda813,12. Die Querdenker - eine Social Media konforme Charakterisierung,corona,"[8, 18]"
ec5d6a4a-b142-4907-9bef-9c7f9256aa55,"@Walter Sobchak Kleine Korrektur: mit den Querstellern meinte ich natürlich die ""Querdenker"".",corona,"[81, 91]"
13e3fb90-e6ba-408a-9930-fc6a16dd8f51,Die Absetzbewegung bei den Querdenkern,corona,"[27, 37]"
57857c17-d900-4b43-b84f-9d9036c2566c,Ein vom früheren DFL-Spitzenmann und St. Pauli-Funktionär Andreas Rettig - einem Querdenker der Branche - ins Spiel gebrachter Solidarfonds wird skeptisch betrachtet.,corona,"[81, 91]"
3a4492d4-8f57-4100-ae0b-9fbd47532f48,"Trotz Verbot liefen die ""Querdenker"" fröhlich mit Polonaise durch die Fußgängerzone.",corona,"[25, 35]"
eb4039f8-35cf-4a76-ae7b-ac9b2f40a91a,Dabei trug er ein Alu-Kügelchen am Revers – als Erkenntniszeichen der selbst ernannten „Querdenker“.,corona,"[88, 98]"
59b00f3b-caca-4285-a978-8296cd6e02b9,"Und es dient der Prävention, wenn der Verfassungsschutz bei den Protesten der „Querdenker“ genau hinschaut.",corona,"[79, 89]"
9045a4e5-b3dc-4aeb-a1b9-16195e0b1cdd,"Ich bitte die taz, sich von den vermeintlichen Besserwissern und angeblichen Querdenkern nicht auf ein Boulevard Blatt mit Sensationen und Halbwahrheiten herabzulassen, nur weil ein paar Hysteriker und Sensationslustige heftige Kritik an eurer Arbeit äußern .",corona,"[77, 87]"
9495064a-495e-4921-94a7-0ce9b99b94a2,"Es handelt sich dabei um Kanäle, auf denen sich selbst ernannte ""Querdenker"" tummeln.",corona,"[65, 75]"
e2f171dd-d773-4408-b099-4c0ea94c0fb9,"Deshalb wirft es Fragen auf, dass inmitten der eskalierenden Corona-Pandemie um die 20.000 „Querdenker“ in der Leipziger Innenstadt demonstrieren konnten.",corona,"[92, 102]"
2f8e99e4-c61d-4c0d-8794-26ca215beff5,"Die Querdenker will sie derweil nicht als „Denker“ bezeichnen, „denn das tun sie ja nicht“, so Schulze.",corona,"[4, 14]"
4eea35ec-49e6-4339-9c21-a447bfc990b7,"Wenige Minuten nach Beginn eskaliert die Situation, weil die “Querdenker” ohne Freigabe der Polizei einfach loslaufen.",corona,"[62, 72]"
26ddf446-5328-479e-9ddb-21466ae39bc3,"Die Thüringer Polizei verneinte auf Anfrage, dass hinter der Aktion ein Bündnis a la „ Querdenker “ oder ein rechter Initiator stehen könnte.",corona,"[87, 97]"
d583ea12-43f3-4a7c-9faf-1fe0b09f1290,"""Die Eskalation und das rücksichtslose Verhalten der sogenannten Querdenker sind erschütternd.",corona,"[65, 75]"
0fb5a923-0877-4110-8f08-09ab604206bc,"Sorgfältig kultivierte Branson das Image des Querdenkers, der sich nicht von Konventionen einengen lässt, sondern neue Horizonte erschließt.",corona,"[45, 55]"
