"No.","Date","Genre","Bibl","URL","Hit"
"1","2020-10-23","internetbasiert","„Querdenker“ rufen zu Protest gegen Weltgesundheitsgipfel in Berlin auf. Tagesspiegel, 2020-10-23","https://www.tagesspiegel.de/berlin/corona-skeptiker-und-verschwoerungsideologen-querdenker-rufen-zu-protest-gegen-weltgesundheitsgipfel-in-berlin-auf/26303418.html","Unter den eingeladenen Referenten befinden sich mit dem Virologen Christian Drosten und dem Leiter des Robert Koch-Instituts Lothar Wiehler entscheidende Köpfe der Virus-Bekämpfung in der Bundesrepublik und damit auch grundsätzliche Feindbilder der ""Querdenker""."
"2","2020-11-22","internetbasiert","Dritter Zwischenbericht - Die Corona-Krise. freitag.de, 2020-11-22","https://www.freitag.de/autoren/sigismundruestig/die-corona-krise-2","Sie bewegt sich derzeit auf dem Niveau der selbst ernannten Querdenker, denen ich einen eigenen Abschnitt gewidmet habe."
"3","2020-11-22","internetbasiert","Dritter Zwischenbericht - Die Corona-Krise. freitag.de, 2020-11-22","https://www.freitag.de/autoren/sigismundruestig/die-corona-krise-2","Übrigens scheint es aktuell - in Anbetracht der nicht mehr übersehbaren Corona-Epidemie-Realität, die zunehmend nicht mehr mit den Verschwörungserzählungen der Querdenker in Einklang gebracht werden kann - prominente Absetzbewegungen von den Corona-Leugnern zu geben."
"4","2020-10-23","internetbasiert","„Querdenker“ rufen zu Protest gegen Weltgesundheitsgipfel in Berlin auf. Tagesspiegel, 2020-10-23","https://www.tagesspiegel.de/berlin/corona-skeptiker-und-verschwoerungsideologen-querdenker-rufen-zu-protest-gegen-weltgesundheitsgipfel-in-berlin-auf/26303418.html","Unklar, wieso die ""Querdenker"" dennoch vor allem zum Kosmos mobilisieren."
"5","2020-11-15","internetbasiert","Das etwas andere Logbuch - Das Leben in den Zeiten der Corona, Woche 35. freitag.de, 2020-11-15","https://www.freitag.de/autoren/cabee/das-leben-in-den-zeiten-der-corona-woche-35","Darf man in Deutschland noch ein “Denker” sein (eine Gattung, für die das Land schließlich einmal berühmt war), oder wird man stufenlos gleich zum “Querdenker”, sobald man nur den Kopf anschaltet?"
"6","2020-05-16","internetbasiert","Demonstrationen in Frankfurt: „Die Nazi-Keule zieht nicht mehr“. Frankfurter Allgemeine Zeitung, 2020-05-16","https://www.faz.net/1.6772920","Die Gruppe der „Querdenker“ grenzt sich öffentlich von Extremisten ab."
"7","2020-05-23","internetbasiert","Frankfurt: Polizei geht mit Festnahmen gegen Corona-Verstöße vor. Frankfurter Allgemeine Zeitung, 2020-05-23","https://www.faz.net/1.6782841","Auch nach den jüngsten Ausschreitungen gehen „Querdenker“ und Corona-Leugner wieder auf die Straße – in Leipzig ohne Genehmigung."
"8","2020-11-22","internetbasiert","Dritter Zwischenbericht - Die Corona-Krise. freitag.de, 2020-11-22","https://www.freitag.de/autoren/sigismundruestig/die-corona-krise-2","4. Warum sich Querdenker an Gesichtsmasken abarbeiten?"
"9","2020-05-23","internetbasiert","Corona und Verschwörungstheorie: Macht Bio wirr?. Tazgezwitscher, 2020-05-23","https://taz.de/!5684477/","Unabhängige Geister - das ich nicht lache, diese Großstadt-Ökos, 'Tierschützer', Anthroposophen, Jesus-Freaks und Anarchisten sind doch keine radikalen Querdenker, die hängen fester in ihren Netzen als jeder Nazi - und das Netz heißt ich-ich-ich-ich-ich bin mindestens der Mittelpunkt der Welt, wenn nicht noch mehr!"
"10","2020-11-29","internetbasiert","Rednerin will einen Schweigemarsch in Auschwitz. Tagesspiegel, 2020-11-29","https://www.tagesspiegel.de/berlin/die-rechten-und-die-corona-demos-rednerin-will-einen-schweigemarsch-in-auschwitz/26670074.html","Nicht die ganze Bewegung sei extremistisch, dennoch könnten Rechtsextremisten in einzelnen Bundesländern bei den „Querdenkern“ einen bestimmenden Einfluss ausüben."
"11","2020-11-22","internetbasiert","Dritter Zwischenbericht - Die Corona-Krise. freitag.de, 2020-11-22","https://www.freitag.de/autoren/sigismundruestig/die-corona-krise-2","6. Warum Querdenker unsere Gesellschaft bedrohen"
"12","2020-10-23","internetbasiert","„Querdenker“ rufen zu Protest gegen Weltgesundheitsgipfel in Berlin auf. Tagesspiegel, 2020-10-23","https://www.tagesspiegel.de/berlin/corona-skeptiker-und-verschwoerungsideologen-querdenker-rufen-zu-protest-gegen-weltgesundheitsgipfel-in-berlin-auf/26303418.html","Auch bekannte Wortführer der ""Querdenker"" wie der HNO-Arzt Bodo Schiffmann und Rechtsanwalt Markus Haintz haben über die Sozialen Netzwerke ihr Kommen angekündigt."
"13","2020-09-15","internetbasiert","Wahl der Qual. Tagesspiegel, 2020-09-15","https://www.tagesspiegel.de/kultur/die-buehnen-und-die-neuen-coronaregeln-wahl-der-qual/26189342.html","Dessen Intendant Ole Baekhoej geriert sich als Querdenker der Szene."
"14","2020-11-01","internetbasiert","Sascha Lobos Podcast: pandemische Echtzeitradikalisierung der Corona-Leugner - DER SPIEGEL - Netzwelt. Derspiegel, 2020-11-01","https://www.spiegel.de/netzwelt/web/pandemische-echtzeitradikalisierung-der-corona-leugner-podcast-a-a751aeb2-f827-47e6-8aca-e06135853e8a","Aber man dürfe die Corona-Leugner oder ""Querdenker"" nicht als gleichbleibende Gruppierung betrachten, schrieb Sascha Lobo in seiner jüngsten Kolumne ""Wie die Blitzradikalisierung der Corona-Leugner funktioniert""."
"15","2020-09-21","internetbasiert","Die Forderungen der Coronaleugner: Freiheit für die Unterwerfung. Tazgezwitscher, 2020-09-21","https://taz.de/!5711547/","Vielleicht sollte man es den Querdenkern und Corona-Leugnern einfacher machen: registrieren und dann dürfen sie machen, was sie wollen."
"16","2020-11-24","internetbasiert","""Querdenker"": Söder will Vernetzung mit der AfD beleuchten. Politik, 2020-11-24","https://www.zdf.de/uri/1c64aa2e-ec69-470a-863e-5e39a8b63187","Bei Querdenkern, Rechtsextremen, Reichsbürgern und Verschwörungstheoretikern mit antisemitischem Hintergrund hört die Toleranz aber auf"", sagte Söder."
"17","2020-11-18","internetbasiert","Demonstrationen gegen Coronapolitik: Gefährliches Schutzverständnis. Tazgezwitscher, 2020-11-18","https://taz.de/!5725532/","Offenbar ist es ein fast unüberwindliches Hindernis für die sogenannten Querdenker sich bei einer Demo eine Maske aufzusetzen und Abstand zu halten."
"18","2020-11-07","internetbasiert","Tausende bei ""Querdenken""-Demo in Leipzig. Panorama, 2020-11-07","https://www.zdf.de/uri/5467170a-ecf4-4143-9895-800175152712","Am Morgen hatte das OVG die Verlegung gekippt, mittags waren schon Tausende ""Querdenker"" in Leipzigs City unterwegs."
"19","2020-12-02","internetbasiert","Kommentar: Elon Musk steht als Corona-Stänkerer im Silicon Valley ziemlich allein da. Handelsblatt_De, 2020-12-02","https://www.handelsblatt.com/meinung/kommentare/kommentar-elon-musk-steht-als-corona-staenkerer-im-silicon-valley-ziemlich-allein-da/25824058.html","Sein Ex-Rivale und Paypal-Kollege Peter Thiel hat das Glaubensbekenntnis der Querdenker in eine Interviewfrage gefasst, die der Investor angeblich jedem Bewerber stellt:"
"20","2020-09-17","internetbasiert","Andreas Speit Der rechte Rand: Wie sich die Corona-rebell*innen im Norden festsetzen. Tazgezwitscher, 2020-09-17","https://taz.de/!5709878/","Als Ex-Grünen Politiker stellen ihn die „Querdenker 40“ um Selina Fullert vor."
"21","2020-08-25","internetbasiert","So will die extreme Rechte den Corona-Protest unterwandern. Tagesspiegel, 2020-08-25","https://www.tagesspiegel.de/berlin/querdenker-demonstration-in-berlin-so-will-die-extreme-rechte-den-corona-protest-unterwandern/26123250.html","Compact-Herausgeber Jürgen Elsässer fragt: „Stürzen Querdenker die Regierung?“"
"22","2020-11-22","internetbasiert","Dritter Zwischenbericht - Die Corona-Krise. freitag.de, 2020-11-22","https://www.freitag.de/autoren/sigismundruestig/die-corona-krise-2","5. Warum Querdenker die Pandemie bestreiten"
"23","2020-11-08","internetbasiert","Debatte nach Leipziger Corona-Demo: Sächsischer Kontrollverlust. Tazgezwitscher, 2020-11-08","https://taz.de/!5724162/","Denn dass die „Querdenker“ Abstände und Mund-Nasen-Schutz ignorieren würden, war tatsächlich klar – es gehört zum Konzept und war bei vorherigen Protesten geübte Praxis."
"24","2020-10-26","internetbasiert","Schluss mit der Toleranz gegenüber radikalen Corona-Skeptikern. Tagesspiegel, 2020-10-26","https://www.tagesspiegel.de/berlin/nach-wilden-protesten-in-berlin-schluss-mit-der-toleranz-gegenueber-radikalen-corona-skeptikern/26308660.html","Hinter ihr stimmen hunderte “Querdenker” in diesen merkwürdigen Schlachtruf ein."
"25","2020-11-15","internetbasiert","Das etwas andere Logbuch - Das Leben in den Zeiten der Corona, Woche 35. freitag.de, 2020-11-15","https://www.freitag.de/autoren/cabee/das-leben-in-den-zeiten-der-corona-woche-35","Was sind überhaupt “Querdenker”?"
"26","2020-08-25","internetbasiert","So will die extreme Rechte den Corona-Protest unterwandern. Tagesspiegel, 2020-08-25","https://www.tagesspiegel.de/berlin/querdenker-demonstration-in-berlin-so-will-die-extreme-rechte-den-corona-protest-unterwandern/26123250.html","Schon am Freitag soll es mit einer Kundgebung der „Querdenker“ vor dem Brandenburger Tor losgehen, eine weitere „Auftaktkundgebung“ ist vor dem Reichstag geplant, wo seit Tagen Reichsbürger campierten."
"27","2020-12-02","internetbasiert","Kommentar: Elon Musk steht als Corona-Stänkerer im Silicon Valley ziemlich allein da. Handelsblatt_De, 2020-12-02","https://www.handelsblatt.com/meinung/kommentare/kommentar-elon-musk-steht-als-corona-staenkerer-im-silicon-valley-ziemlich-allein-da/25824058.html","Musk zählt zu den „Contrarians“, den Querdenkern, die den Widerspruch gegen den Mainstream zum Prinzip erklärt haben."
"28","2020-10-12","internetbasiert","Interview: Giulia Silbenberger über ""Querdenken""-Bewegung. Panorama, 2020-10-12","https://www.zdf.de/uri/a32974fc-fbf4-42c9-9236-378ea93352da","ZDFheute:Aber handelt es sich bei den Querdenkern nicht um eine verhältnismäßig kleine Gruppe?"
"29","2020-08-28","internetbasiert","Demo gegen Coronamaßnahmen: Verschwörer im Anmarsch. Tazgezwitscher, 2020-08-28","https://taz.de/!5707762/","Auch ein „Campingplatz für vermeintliche Querdenker und Verschwörungsideologen“ werde man „nicht zulassen“."
"30","2020-11-15","internetbasiert","Das etwas andere Logbuch - Das Leben in den Zeiten der Corona, Woche 35. freitag.de, 2020-11-15","https://www.freitag.de/autoren/cabee/das-leben-in-den-zeiten-der-corona-woche-35","Wenn der blau-weiß rautierte Innenminister fordert, man sollte auf alle Querdenker den Verfassungsschutz ansetzen, frage ich mich, worin wir uns effektiv eigentlich noch von der DDR, deren Vorgängersystem oder gar dem Preußen des 19. Jahrhunderts unterscheiden (Wobei ich nicht denke, dass die Überwachungsinstrumente der Preußen schon so effektiv waren)."
"31","2020-11-22","internetbasiert","Dritter Zwischenbericht - Die Corona-Krise. freitag.de, 2020-11-22","https://www.freitag.de/autoren/sigismundruestig/die-corona-krise-2","Haben sich doch einige dieser Querdenker, darunter deren Protagonisten, wohl von den rechtsradikalen Volksfeinden anstecken lassen - oder sollte ich besser sagen: weiter vereinnahmen lassen? - und bereiten eine Radikalisierung ihrer Bewegung vor:"
"32","2020-04-22","internetbasiert","Was wird jenen widerfahren, die die Corona-Krise bewältigt haben?. Neue Zürcher Zeitung, 2020-04-22","https://www.nzz.ch/feuilleton/was-wird-jenen-widerfahren-die-die-corona-krise-bewaeltigt-haben-ld.1552940","Dieses mit fähigen Leuten aufzubauen – auch mit Querdenkern und kritischen Geistern – und es ständig auch bei Rückschlägen zu motivieren, ist eine Kernaufgabe."
"33","2020-09-09","internetbasiert","Coronavirus in Bayern: „Querdenker"" kündigen riesige Demo in München an - Stadt bestätigt Gespräche. Merkur.de, 2020-09-09","https://www.merkur.de/bayern/coronavirus-markus-soeder-bayern-demo-querdenker-muenchen-odeonsplatz-stadt-zr-90036711.html","„Querdenker 089“ ist ein regionaler Ableger der in Stuttgart gegründeten „Querdenker 711“, die wiederum für die Demo in Berlin verantwortlich war."
"34","2020-11-14","internetbasiert","Frankfurter ""Querdenken""-Demo: Wasserwerfer gegen Blockierer. Politik, 2020-11-14","https://www.zdf.de/uri/019eda82-55ff-40e2-9627-5ce60f92245b","Die dortige Abschlusskundgebung der ""Querdenker"" lösten die Beamten nach kurzer Zeit auf, da die Hygieneauflagen nicht eingehalten wurden."
"35","2020-11-25","internetbasiert","AfD in der Krise: Gefangen im verbockten Corona-Protest - WELT. DIE WELT, 2020-11-25","https://www.welt.de/politik/deutschland/plus221049070/AfD-in-der-Krise-Gefangen-im-verbockten-Corona-Protest.html","Zwei Anträge verraten den Wunsch, sich noch weiter den „Querdenkern“ anzunähern:"
"36","2020-11-10","internetbasiert","Corona-Demo in Leipzig eskaliert: Streit in Koalition - Parteien schießen sich auf Minister ein. Merkur.de, 2020-11-10","https://www.merkur.de/politik/leipzig-coronavirus-demo-proteste-querdenken-polizei-merkel-samstag-soeder-masken-krawalle-angriffe-zr-90093322.html","„Querdenker“ sorgen für Großeinsatz"
"37","2020-08-31","internetbasiert","Corona-Protest in Berlin: Bitte keine Panik. Neue Zürcher Zeitung, 2020-08-31","https://www.nzz.ch/meinung/corona-protest-in-berlin-bitte-keine-panik-ld.1574134","Droht bei der nächsten Bundestagswahl ein Siegeszug der noch nicht existenten Partei der «Querdenker»?"
"38","2020-11-13","internetbasiert","Berliner Lehrer soll Corona-Leugner sein – Bildungsverwaltung prüft Konsequenzen. Tagesspiegel, 2020-11-13","https://www.tagesspiegel.de/berlin/verschwoerungstheorien-im-unterricht-berliner-lehrer-soll-corona-leugner-sein-bildungsverwaltung-prueft-konsequenzen/26616258.html","Auf seinem Telegram-Kanal soll er Demo-Ankündigungen der Querdenker und Nachrichten des rechtsradikalen Verschwörungstheoretikers Attila Hildmann geteilt haben.(Tsp/dpa)"
"39","2020-11-22","internetbasiert","Dritter Zwischenbericht - Die Corona-Krise. freitag.de, 2020-11-22","https://www.freitag.de/autoren/sigismundruestig/die-corona-krise-2","Mal ganz abgesehen davon, dass er sich offenbar auch schon mal in Argumenten von selbst ernannten Querdenkern verheddert."
"40","2020-08-31","internetbasiert","Die Lage am Morgen: Sturmschäden an der Demokratie - DER SPIEGEL - Politik. Derspiegel, 2020-08-31","https://www.spiegel.de/politik/deutschland/news-corona-demos-corona-krise-die-linke-belarus-minsk-angela-merkel-a-64df9cf0-01ee-48bb-9935-5710e8caf829","Mit dem vergangenen Wochenende haben die ""Querdenker"" ihre Proteste endgültig delegitimiert."
"41","2020-11-22","internetbasiert","""Querdenken""-Demo: Kruder Vergleich mit Sophie Scholl. Politik, 2020-11-22","https://www.zdf.de/uri/b600a1a4-af16-4ca1-8e1d-436fa49fe8cc","Nicht nur ideologisch werden bei den ""Querdenkern"" Kinder instrumentalisiert:"
"42","2020-11-29","internetbasiert","Bouffier widerspricht Söder: Kanzlerkanditatur schnell entscheiden. Berliner Morgenpost, 2020-11-29","https://www.morgenpost.de/politik/article231026462/CDU-Vize-Bouffier-Corona-Demonstranten-ernst-nehmen.html","Welche Erkenntnisse haben Sie über „Querdenker“ im Staatsdienst, in den Reihen der Polizei?"
"43","2020-03-22","internetbasiert","""Wir brauchen ein Konjunktur- und Transformationspaket"". Tagesspiegel, 2020-03-22","https://www.tagesspiegel.de/wirtschaft/oekonom-tom-krebs-zur-corona-krise-wir-brauchen-ein-konjunktur-und-transformationspaket/25669990.html","Hausherr Olaf Scholz begrüßte ihn als „renommierten Wissenschaftler und kreativen Querdenker“."
"44","2020-11-10","internetbasiert","Corona-Demo in Leipzig eskaliert: Streit in Koalition - Parteien schießen sich auf Minister ein. Merkur.de, 2020-11-10","https://www.merkur.de/politik/leipzig-coronavirus-demo-proteste-querdenken-polizei-merkel-samstag-soeder-masken-krawalle-angriffe-zr-90093322.html","Einzelne Flaschenwürde vonseiten der „Querdenker“ Richtung Gegendemonstration."
"45","2020-11-09","internetbasiert","Demo in Leipzig gegen Corona-Maßnahmen – eine Nachbetrachtung. Tichys Einblick, 2020-11-09","http://www.tichyseinblick.de/kolumnen/alexander-wallasch-heute/demo-in-leipzig-gegen-corona-massnahmen-eine-nachbetrachtung/","Ein Teilnehmer in Leipzig erzählt gegenüberTE: „Querdenker waren als Querdenker im Demozug eigentlich nicht erkennbar."
"46","2020-11-22","internetbasiert","Dritter Zwischenbericht - Die Corona-Krise. freitag.de, 2020-11-22","https://www.freitag.de/autoren/sigismundruestig/die-corona-krise-2","IX. Corona-Zweifler, selbsternannte Querdenker und sonstige Verschwörungs-Erzähler"
"47","2020-11-18","internetbasiert","Corona-Abstimmung: Bürger-Protest mit Wasserwerfern niedergekämpft. Tichys Einblick, 2020-11-18","http://www.tichyseinblick.de/daili-es-sentials/corona-abstimmung-buerger-protestieren-trotz-demonstrationsverbot/","Wie für Corona-Kundgebungen üblich ein bunter Haufen aus Querdenkern, Konservativen, Kapitalismuskritikern, Friedensbewegten und Esoterikern, aber in der Mehrzahl ganz normale Leute, viele mit Kindern, die Sorge um ihre Grundrechte haben."
"48","2020-10-02","internetbasiert","Antisemitismusbeauftragter über Corona-Leugner: „Kuschelpädagogik bringt nichts“. Tazgezwitscher, 2020-10-02","https://taz.de/!5712778/","Sind denn die selbsternannten Querdenker automatisch Antisemiten?"
"49","2020-03-27","internetbasiert","Corona und die Folgen: Gute Seiten schlechter Zeiten. Deutsches Ärzteblatt, 2020-03-27","https://www.aerzteblatt.de/archiv/213318/Corona-und-die-Folgen-Gute-Seiten-schlechter-Zeiten","Ein wichtiger Aspekt ist aber auch, dass jenseits möglicher Niedergangsapologeten aufmerksame Querdenker dazu verhelfen, schlechten Zeiten gute Seiten abzugewinnen."
"50","2020-11-22","internetbasiert","Dritter Zwischenbericht - Die Corona-Krise. freitag.de, 2020-11-22","https://www.freitag.de/autoren/sigismundruestig/die-corona-krise-2","Warum diese Ärztefunktionäre hin und wieder in das Geraune von selbst ernannten Querdenkern eingestimmt und damit Bevölkerungsteile zusätzlich verunsichert haben, bleibt deren Geheimnis."
"51","2020-10-21","internetbasiert","Generation Corona-Sünder? Was für ein Bullshit!. Tagesspiegel, 2020-10-21","https://www.tagesspiegel.de/politik/jugendliche-als-treiber-der-pandemie-generation-corona-suender-was-fuer-ein-bullshit/26290776.html","Dabei ist schon ein einziger Kleinbus voll selbsternannter „Querdenker“ verantwortungsloser als die komplette Jugend der Welt zusammen."
"52","2020-11-09","internetbasiert","Corona-Protest nach Leipzig-Demo: Sie radikalisieren sich weiter. Tazgezwitscher, 2020-11-09","https://taz.de/!5724075/","Querdenker viele offensichtlich keine Berührungsängste mit Rechts haben wird dies klare Distanzierung nie kommen."
"53","2020-08-26","internetbasiert","Berlin verbietet Corona-Demos – Drohungen gegen Polizei. Tagesspiegel, 2020-08-26","https://www.tagesspiegel.de/berlin/erwartete-verstoesse-gegen-infektionsschutzverordnung-berlin-verbietet-corona-demos-drohungen-gegen-polizei/26128346.html","In den zahlreichen Social-Media-Gruppen der ""Querdenker"" herrscht in Reaktion auf das Demo-Verbot eine regelrechte ""Jetzt erst Recht!""-Stimmung."
"54","2020-09-19","internetbasiert","Wolfgang Niedecken über Coronaleugner: „Merken die eigentlich gar nichts?“. Tazgezwitscher, 2020-09-19","https://taz.de/!5711288/","Diese selbst ernannten „Querdenker“ sind Scheinriesen."
"55","2020-12-01","internetbasiert","Corona: Neue Regeln gelten ab heute - Merkel warnt vor dritter Welle. Berliner Morgenpost, 2020-12-01","https://www.morgenpost.de/vermischtes/article230988824/Corona-neue-Regeln-RKI-Zahlen-Impfstoff-Lockdown-aktuell-News.html","Es diene der Prävention, „wenn der Verfassungsschutz bei den Protesten der „Querdenker“ genau hinschaut“."
"56","2020-04-14","internetbasiert","Coronakrise überwinden - Neun Anmerkungen zur Corona-Strategie. freitag.de, 2020-04-14","https://www.freitag.de/autoren/ebecker/acht-anmerkungen-zur-corona-strategie","Nachbemerkung: Vielleicht werden die Querdenker hoffentlich bald zu der Anerkennung finden, die ihnen gebührt."
"57","2020-11-07","internetbasiert","Tausende bei ""Querdenken""-Demo in Leipzig. Panorama, 2020-11-07","https://www.zdf.de/uri/5467170a-ecf4-4143-9895-800175152712","Alles, was jetzt passiere, sei in der Verantwortung derer, die die Veranstaltung abbrechen, hieß es vonseiten der ""Querdenker""."
"58","2020-03-17","internetbasiert","An was glauben wir in der Corona-Krise? - An die Wissenschaft. Heise Online, 2020-03-17","https://www.heise.de/tp/features/An-was-glauben-wir-in-der-Corona-Krise-An-die-Wissenschaft-4683525.html","Er lebt in der Nähe von Zürich, wo er - als umtriebiger Querdenker - zwei eigene Unternehmen aufgebaut hat, die institutionelle Finanzanleger beraten, und zugleich regelmäßige Blogs zum Thema Wissenschaft und Zeitgeschehen unterhält."
"59","2020-10-29","internetbasiert","„Das geht in Richtung Terrorismus“. Tagesspiegel, 2020-10-29","https://www.tagesspiegel.de/politik/bodo-ramelow-ueber-aktionen-von-coronaleugnern-das-geht-in-richtung-terrorismus/26571502.html","Coronaleugner vernetzen sich mit Rechtsradikalen, Reichsbürger mit sogenannten Querdenkern, Impfgegnern."
"60","2020-11-22","internetbasiert","Dritter Zwischenbericht - Die Corona-Krise. freitag.de, 2020-11-22","https://www.freitag.de/autoren/sigismundruestig/die-corona-krise-2","Offensichtlich wäre es zu viel verlangt, wenn sich Querdenker auf diese neuen wissenschaftlichen Erkenntnisse einlassen."
"61","2020-11-22","internetbasiert","Nazi-Vergleiche - Die Pandemie als Shakespeare'sches Drama. freitag.de, 2020-11-22","https://www.freitag.de/autoren/michaelhuebler/die-pandemie-als-shakespearesches-drama","Und wer sich wie die Hauptprotagonisten der Querdenker oder Nicht ohne uns-Bewegung mitten im Meinungskrieg befindet, mag es anders sehen."
"62","2020-11-22","internetbasiert","Dritter Zwischenbericht - Die Corona-Krise. freitag.de, 2020-11-22","https://www.freitag.de/autoren/sigismundruestig/die-corona-krise-2","Warum, haben sich viele schon gefragt, lehnen die selbst ernannten Querdenker entgegen aller wissenschaftlich gesicherten Untersuchungen Hygiene-Maßnahmen zur Bekämpfung der Corona-Pandemie wie insbesondere das Tragen von Masken so vehement und militant ab? Tragen Querdenker mit ihrem Masken-Boykott doch auch zur Ausbreitung des Virus bei!"
"63","2020-11-25","internetbasiert","Divi-Zahlen: Wie viele Corona-Intensivbetten sind noch frei?. Panorama, 2020-11-25","https://www.zdf.de/uri/50785507-63a0-417b-b383-8aada3c762f3","Als Leiter des Instituts für Öffentliche Finanzen an der Leibniz-Universität Hannover gilt er bei Querdenkern und Verschwörungsanhängern als äußerst glaubwürdig, liefert ihnen Argumente und einen serösen Anschein."
"64","2020-08-26","internetbasiert","Berlin verbietet Corona-Demos – Drohungen gegen Polizei. Tagesspiegel, 2020-08-26","https://www.tagesspiegel.de/berlin/erwartete-verstoesse-gegen-infektionsschutzverordnung-berlin-verbietet-corona-demos-drohungen-gegen-polizei/26128346.html","„Wir dürfen nicht zulassen, dass Berlin zu einem großen Campingplatz für vermeintliche Querdenker und Verschwörungsideologen gemacht wird.“"
"65","2020-11-22","internetbasiert","Dritter Zwischenbericht - Die Corona-Krise. freitag.de, 2020-11-22","https://www.freitag.de/autoren/sigismundruestig/die-corona-krise-2","Die Initiatoren dieser Erklärung hatten zunächst einerseits nichts mit den oben genannten Pseudo-Wissenschaftlern a là Wodarg, Bhakdi etc. zu tun, was den unterzeichnenden schein-schlauen Querdenkern meistens gar nicht aufgefallen ist."
"66","2020-08-29","internetbasiert","Protest gegen Coronamaßnahmen in Berlin: Absurdes Nebeneinander. Tazgezwitscher, 2020-08-29","https://taz.de/!5710608/","""Querdenkern"" ist es auch egal, wen sie da gleich mit mobilisieren."
"67","2020-11-12","internetbasiert","FDP-Politikerin über Folgen von Covid-19: „Das war der Horror“. Tazgezwitscher, 2020-11-12","https://taz.de/!5728056/","Damals hat die friedliche Demonstration stattgefunden, die Querdenker spielen mit unserer Erinnerungskultur."
"68","2020-05-14","internetbasiert","«Übertragbare Krankheiten wie Mumps, Masern oder Windpocken gab es nicht, als die Leute noch in kleinen Gruppen lebten und stets umherzogen» | NZZ. Neue Zürcher Zeitung, 2020-05-14","https://www.nzz.ch/geschichte/der-zeitgeist-kam-mir-entgegen-ld.1554551","Ich gestehe, ein Querdenker zu sein."
"69","2020-08-30","internetbasiert","„Die wollten Kriegsgerichte und Galgen für Merkel und Drosten“. Tagesspiegel, 2020-08-30","https://www.tagesspiegel.de/politik/corona-demo-in-berlin-die-wollten-kriegsgerichte-und-galgen-fuer-merkel-und-drosten/26141704.html","Sie haben uns gestern in einem Video gesagt, dass Sie mit „Querdenkern“ gute Gespräche geführt haben, aber schlechte Erfahrungen mit einem Mitglied der „Identitären Bewegung“ gemacht haben."
"70","2020-12-01","internetbasiert","Kommentar: In der Coronakrise schlägt die Stunde des Parlaments: Mischt euch endlich ein! Und hört zu!. Handelsblatt_De, 2020-12-01","https://www.handelsblatt.com/meinung/kommentare/kommentar-in-der-coronakrise-schlaegt-die-stunde-des-parlaments-mischt-euch-endlich-ein-und-hoert-zu/26627790.html","Am vergangenen Wochenende prallten in Frankfurt „Querdenker“ mit linken Gegendemonstranten erstmals derart heftig aufeinander, dass beide Gruppen mit Wasserwerfern zur Raison gebracht werden mussten."
"71","2020-10-12","internetbasiert","Interview: Giulia Silbenberger über ""Querdenken""-Bewegung. Panorama, 2020-10-12","https://www.zdf.de/uri/a32974fc-fbf4-42c9-9236-378ea93352da","Und hier haben wir ganz viele kleine Gruppen, die vorher keine gemeinsame Basis hatten, aber jetzt in der Gruppe der Querdenker plötzlich zusammenfinden."
"72","2020-11-22","internetbasiert","Dritter Zwischenbericht - Die Corona-Krise. freitag.de, 2020-11-22","https://www.freitag.de/autoren/sigismundruestig/die-corona-krise-2","Ebenso wird die oben skizzierte Schar von Querdenkern aller Couleur jetzt die wahren Anliegen von Menschen, die berechtigte Anliegen gegen Corona-Pandemie-Maßnahmen haben, nicht mehr erreichen!"
"73","2020-10-02","internetbasiert","Antisemitismusbeauftragter über Corona-Leugner: „Kuschelpädagogik bringt nichts“. Tazgezwitscher, 2020-10-02","https://taz.de/!5712778/","Bei Querdenkern war das von Anfang an sehr stark."
"74","2020-11-07","internetbasiert","Deutscher Corona-Protest: Radikal gegen die Fakten. Neue Zürcher Zeitung, 2020-11-07","https://www.nzz.ch/international/deutscher-corona-protest-radikal-gegen-die-fakten-ld.1585474","Im schwäbischen Göppingen hält er eine Rede an einer Veranstaltung der «Querdenker», die gegen die staatlichen Massnahmen zur Eindämmung des Coronavirus protestieren."
"75","2020-10-26","internetbasiert","Schluss mit der Toleranz gegenüber radikalen Corona-Skeptikern. Tagesspiegel, 2020-10-26","https://www.tagesspiegel.de/berlin/nach-wilden-protesten-in-berlin-schluss-mit-der-toleranz-gegenueber-radikalen-corona-skeptikern/26308660.html","Warum wäre bei jedem linken Protest längst zum Pfefferspray gegriffen worden während “Querdenker” vor Einsatzkräften unbehelligt versuchen, Festgenommene zu befreien?"
"76","2020-08-31","internetbasiert","Warum Gerichte so unterschiedlich zu den Corona-Protesten urteilten. Tagesspiegel, 2020-08-31","https://www.tagesspiegel.de/berlin/demo-erlaubt-camp-verboten-warum-gerichte-so-unterschiedlich-zu-den-corona-protesten-urteilten/26144042.html","Die „Querdenker“ konnten nun nachlegen und die vermissten Aspekte liefern."
"77","2020-11-07","internetbasiert","Coronaskeptiker in Leipzig: Tausende trotzen Demoauflösung. Tazgezwitscher, 2020-11-07","https://taz.de/!5726813/","Querdenker, dass ich nicht lache."
"78","2020-08-28","internetbasiert","Was am Wochenende auf die Hauptstadt zukommt. Tagesspiegel, 2020-08-28","https://www.tagesspiegel.de/berlin/corona-demonstrationen-in-berlin-was-am-wochenende-auf-die-hauptstadt-zukommt/26139092.html","Laut dem Organisatoren, Michael Ballweg, haben die „Querdenker“ europaweit mobilisiert, Menschen aus Frankreich, Spanien, Italien und den Niederlanden kämen nach Berlin."
"79","2020-11-19","internetbasiert","Querdenker: Justizministerin sieht Angriff auf Demokratie. Politik, 2020-11-19","https://www.zdf.de/uri/4931ef0e-e8cc-4693-b330-583becebb42b","Justizministerin Lambrecht wirft ""Querdenkern"" Verfassungsfeindlichkeit vor."
"80","2020-11-22","internetbasiert","Dritter Zwischenbericht - Die Corona-Krise. freitag.de, 2020-11-22","https://www.freitag.de/autoren/sigismundruestig/die-corona-krise-2","Sich diesen Themen kraftvoll anzunehmen, haben die Querdenker versäumt, weshalb diese auch dafür nicht mehr infrage kommen."
"81","2020-08-30","internetbasiert","„Die wollten Kriegsgerichte und Galgen für Merkel und Drosten“. Tagesspiegel, 2020-08-30","https://www.tagesspiegel.de/politik/corona-demo-in-berlin-die-wollten-kriegsgerichte-und-galgen-fuer-merkel-und-drosten/26141704.html","Ja, aber es gab auch bei den „Querdenkern“ Leute, die das Weltjudentum oder jüdische Millionäre für Corona verantwortlich machen."
"82","2020-04-22","internetbasiert","Impfstoff-Test in Deutschland: Es läuft an. Tazgezwitscher, 2020-04-22","https://taz.de/!5680533/","Damit, nämlich 'Querdenker' in der Debatte gleichermaßen zu hören, zumal Wissenschaftler (!), damit tun sich in der heutigen Krise die Medien und auch so mancher politische Entscheidungsträger einmal mehr schwer."
"83","2020-08-27","internetbasiert","Wer den Rechtsstaat missbraucht, muss mit Widerstand rechnen. Tagesspiegel, 2020-08-27","https://www.tagesspiegel.de/berlin/verbot-der-corona-proteste-wer-den-rechtsstaat-missbraucht-muss-mit-widerstand-rechnen/26132016.html","Die Versammlungsfreiheit ist eines der höchsten Rechtsgüter, das Verbot könnte vom Verwaltungsgericht gekippt werden, sich so in einen juristischen Sieg für die angeblichen „Querdenker“ verwandeln."
"84","2020-11-09","internetbasiert","Demo in Leipzig gegen Corona-Maßnahmen – eine Nachbetrachtung. Tichys Einblick, 2020-11-09","http://www.tichyseinblick.de/kolumnen/alexander-wallasch-heute/demo-in-leipzig-gegen-corona-massnahmen-eine-nachbetrachtung/","Spahn hat gestern in seinem Pressestatement entgegen besseren Wissens behauptet die Polizei hätte Wasserwerfer gebraucht um die Querdenker Demonstration aufzulösen."
"85","2020-09-09","internetbasiert","Coronavirus in Bayern: „Querdenker"" kündigen riesige Demo in München an - Stadt bestätigt Gespräche. Merkur.de, 2020-09-09","https://www.merkur.de/bayern/coronavirus-markus-soeder-bayern-demo-querdenker-muenchen-odeonsplatz-stadt-zr-90036711.html","Derweil kündigt die Gruppierung „Querdenker 089"" eine große Demo in München an - schon für Samstag (12. September)."
"86","2020-11-09","internetbasiert","Demo in Leipzig gegen Corona-Maßnahmen – eine Nachbetrachtung. Tichys Einblick, 2020-11-09","http://www.tichyseinblick.de/kolumnen/alexander-wallasch-heute/demo-in-leipzig-gegen-corona-massnahmen-eine-nachbetrachtung/","Ein Teilnehmer in Leipzig erzählt gegenüberTE: „Querdenker waren als Querdenker im Demozug eigentlich nicht erkennbar."
"87","2020-11-10","internetbasiert","Corona-Demo in Leipzig eskaliert: Streit in Koalition - Parteien schießen sich auf Minister ein. Merkur.de, 2020-11-10","https://www.merkur.de/politik/leipzig-coronavirus-demo-proteste-querdenken-polizei-merkel-samstag-soeder-masken-krawalle-angriffe-zr-90093322.html","Neben Anhängern der Stuttgarter Initiative „Querdenker“, die die Demo veranstaltet, nehmen auch zahlreiche Rechtsextreme an der Versammlung teilt."
"88","2020-03-30","internetbasiert","Fußball in Deutschland - Letzte Ausfahrt vor dem Crash. Süddeutsche Zeitung, 2020-03-30","https://www.sueddeutsche.de/sport/bundesliga-coronavirus-geisterspiele-1.4862650","Rettig, als eher intellektueller Querdenker mit den Großkopferten des Fußballs bisher oft etwas über Kreuz, will damit wohl der ganzen Fußballindustrie zur Hilfe kommen."
"89","2020-06-09","internetbasiert","World-after-covid.com: Inspiration für Unternehmen und Marken nach Corona.. https://www.horizont.net, 2020-06-09","https://www.horizont.net/schweiz/nachrichten/world-after-covid.com-inspiration-fur-unternehmen-und-marken-nach-corona.-183513","Nathalie Kineider und Steve Wallsleiten ein Team von Querdenkern bei Serviceplan Suisse."
"90","2020-05-20","internetbasiert","Corona-Krise: Bolivianische Musiker gefangen im Schloss Rheinsberg | DW | 10.04.2020. DW.COM, 2020-05-20","https://www.dw.com/de/corona-krise-bolivianische-musiker-gefangen-im-schloss-rheinsberg/a-53086506","Beide Musiker sind improvisationsfreudige Querdenker."
"91","2020-06-01","internetbasiert","Studie zum Corona-Impfschutz: Das Labor bin ich. Tazgezwitscher, 2020-06-01","https://taz.de/!5686828/","Ein wilder Querdenker und Musiker."
"92","2020-11-22","internetbasiert","Dritter Zwischenbericht - Die Corona-Krise. freitag.de, 2020-11-22","https://www.freitag.de/autoren/sigismundruestig/die-corona-krise-2","Welche Schlussfolgerung muß man also angesichts der Tatsache ziehen, dass Querdenker die Pandemie als beendet ansehen und alle Maßnahmen zu deren Bekämpfung einstellen wollen?"
"93","2020-12-01","internetbasiert","Corona in Regensburg: Trotz Teil-Lockdown und Kontaktbeschränkungen - 7-Tage-Inzidenz steigt weiter. Merkur.de, 2020-12-01","https://www.merkur.de/bayern/regensburg/coronaviurs-regensburg-zahlen-infektionen-inzidenz-bayern-lockdown-jugendlicher-maske-news-aktuell-zr-90099132.html","InAichachprotestierten rund 30 Menschen gegen die „Querdenker“."
"94","2020-04-14","internetbasiert","Die Natur schlägt zurück. Heise Online, 2020-04-14","https://www.heise.de/tp/features/Die-Natur-schlaegt-zurueck-4701548.html","Er lebt in der Nähe von Zürich, wo er - als umtriebiger Querdenker - zwei eigene Unternehmen aufgebaut hat, die institutionelle Finanzanleger beraten, und zugleich regelmäßige Blogs zum Thema Wissenschaft und Zeitgeschehen unterhält."
"95","2020-08-30","internetbasiert","„Die wollten Kriegsgerichte und Galgen für Merkel und Drosten“. Tagesspiegel, 2020-08-30","https://www.tagesspiegel.de/politik/corona-demo-in-berlin-die-wollten-kriegsgerichte-und-galgen-fuer-merkel-und-drosten/26141704.html","Die Passanten, darunter auch „Querdenker“, und ich haben ziemlich schnell festgestellt, dass der überhaupt nicht am Dialog interessiert war – der wollte die Leute dort indoktrinieren."
"96","2020-11-19","internetbasiert","Querdenker: Justizministerin sieht Angriff auf Demokratie. Politik, 2020-11-19","https://www.zdf.de/uri/4931ef0e-e8cc-4693-b330-583becebb42b","Nach den Protesten gegen die Reform des Infektionsschutzgesetzes hat Lambrecht Teile der ""Querdenker"" scharf kritisiert."
"97","2020-11-26","internetbasiert","Corona-Kritiker wollen auch in Spandau demonstrieren. Tagesspiegel, 2020-11-26","https://www.tagesspiegel.de/berlin/bezirke/sechs-stunden-protest-am-rande-berlins-corona-kritiker-wollen-auch-in-spandau-demonstrieren/26656424.html","""Aber was tun, wenn genau in diesen Zeiten unser Dorf von Querdenkern, Coronaleugnern und Rechten vereinnahmt wird?"""
"98","2020-05-07","internetbasiert","Köpfe der Corona-Relativierer: Alu mit Bürgerrechtsfassade. Tazgezwitscher, 2020-05-07","https://taz.de/!5681132/","Sich selbst betrachten sie als Aufklärer, Querdenker oder schlicht als Volk."
"99","2020-11-16","internetbasiert","Rechtsextremisten steuern die Corona-Proteste zum Teil schon. Tagesspiegel, 2020-11-16","https://www.tagesspiegel.de/berlin/berliner-sicherheitsbehoerden-alarmiert-rechtsextremisten-steuern-die-corona-proteste-zum-teil-schon/26627460.html","Der Chef des Hamburger Verfassungsschutzes, Torsten Voß, dagegen erklärte dem „Spiegel“, es werde schwierig, „wenn vermeintliche Querdenker der Regierung unterstellen, sie habe das Virus erfunden, um die Bevölkerung zu unterdrücken“."
"100","2020-11-10","internetbasiert","Corona-Demo in Leipzig eskaliert: Streit in Koalition - Parteien schießen sich auf Minister ein. Merkur.de, 2020-11-10","https://www.merkur.de/politik/leipzig-coronavirus-demo-proteste-querdenken-polizei-merkel-samstag-soeder-masken-krawalle-angriffe-zr-90093322.html","Am Hauptbahnhof sollen„Querdenker“aufGegendemonstrantengestoßen sein."
"101","2020-02-17","internetbasiert","Ist das Coronavirus der nächste schwarze Schwan?. Heise Online, 2020-02-17","https://www.heise.de/tp/features/Ist-das-Coronavirus-der-naechste-schwarze-Schwan-4661854.html","Die beiden Ökonomen, Querdenker und mehrfache Bestsellerautoren haben zuletzt das Buch Der größte Crash aller Zeiten - Wirtschaft, Politik, Gesellschaft."
"102","2020-10-16","internetbasiert","Maßnahmen gegen Corona: Zunehmend diffus. Tazgezwitscher, 2020-10-16","https://taz.de/!5718442/","Und recherchiert z.B. nach, wieviele ""Querdenker"" krank wurden (Is' irgendwie stiller um sie geworden...)"
"103","2020-08-04","internetbasiert","Corona-Proteste in Berlin: Experte gibt tiefe Einblicke in Demonstranten - Umfrage mit deutlicher Sprache. Merkur.de, 2020-08-04","https://www.merkur.de/politik/coronavirus-berlin-demo-leugner-nazis-demonstration-polizei-hayali-lauterbach-esken-chrupalla-experte-zr-90016113.html","Die Stuttgarter „Querdenker“ bezeichnen sich selbst als politisch absolut neutral."
"104","2020-09-09","internetbasiert","Coronavirus in Bayern: „Querdenker"" kündigen riesige Demo in München an - Stadt bestätigt Gespräche. Merkur.de, 2020-09-09","https://www.merkur.de/bayern/coronavirus-markus-soeder-bayern-demo-querdenker-muenchen-odeonsplatz-stadt-zr-90036711.html","Der Querdenker 711-Gründer, Michael Ballweg, will auch am Odeonsplatz sprechen."
"105","2020-05-04","internetbasiert","Coronavirus: Wir müssen lernen, wie das Sterben funktioniert - WELT. DIE WELT, 2020-05-04","https://www.welt.de/debatte/kommentare/article207698669/Coronavirus-Wir-muessen-lernen-wie-das-Sterben-funktioniert.html","Tübingens Oberbürgermeister Boris Palmer, der sich oft schon in der Pose eines tabubrechenden Querdenkers gefiel, heizte die Debatte am Dienstag mit der Aussage an, deutsche Kliniken retteten zurzeit Menschen, „die in einem halben Jahr sowieso tot wären – aufgrund ihres Alters und ihrer Vorerkrankungen“."
"106","2020-03-21","internetbasiert","Appell an „Party-Käufer“: „Bleibt einfach zuhause und helft mit, diese schwere Zeit zu überstehen“. Frankfurter Allgemeine Zeitung, 2020-03-21","https://www.faz.net/1.6690099","Die Gruppe der „Querdenker“ grenzt sich öffentlich von Extremisten ab."
"107","2020-10-09","internetbasiert","Corona-Sammelklage - Corona-Sammelklage in den USA?. freitag.de, 2020-10-09","https://www.freitag.de/autoren/amin-el-gendi/corona-sammelklage-in-den-usa","Der PR-Stunt der Anwälte erfreut sich vor allem in alternativen Medien und bei Querdenkern großer Beliebtheit."
"108","2020-11-17","internetbasiert","„Ich kann das mit meinem Gewissen nicht vereinbaren“: Söder über die Corona-Lage in Bayern und Deutschland. Merkur.de, 2020-11-17","https://www.merkur.de/politik/markus-soeder-corona-bayern-deutschland-regeln-weihnachten-beschraenkungen-zr-90099098.html","Ich habe ein ungutes Gefühl, dass sich bei einem Teil der Querdenker Ähnliches anbahnt."
"109","2020-11-28","internetbasiert","Vorsitzender der deutschen Bischöfe fordert einen Corona-Gedenktag. Berliner Morgenpost, 2020-11-28","https://www.morgenpost.de/politik/article231022382/Bischof-Baetzing-Wir-brauchen-einen-Corona-Gedenktag.html","Führende Vertreter Ihrer Kirche, zum Beispiel Kardinal Gerhard Ludwig Müller, der ehemalige Bischof von Regensburg, befeuern ja sogar das Lager der „Querdenker“ mit Verschwörungstheorien."
"110","2020-11-10","internetbasiert","Corona-Demo in Leipzig eskaliert: Streit in Koalition - Parteien schießen sich auf Minister ein. Merkur.de, 2020-11-10","https://www.merkur.de/politik/leipzig-coronavirus-demo-proteste-querdenken-polizei-merkel-samstag-soeder-masken-krawalle-angriffe-zr-90093322.html","Dennoch erzwangen die„Querdenker“den Rundgang über den Ring."
"111","2020-11-14","internetbasiert","Frankfurter ""Querdenken""-Demo: Wasserwerfer gegen Blockierer. Politik, 2020-11-14","https://www.zdf.de/uri/019eda82-55ff-40e2-9627-5ce60f92245b","Die Beamten setzten am Samstagnachmittag vereinzelt auch Schlagstöcke ein, um den Weg für den Demonstrationszug der rund 600 ""Querdenker"" im Bahnhofsviertel frei zu räumen."
"112","2020-09-09","internetbasiert","Coronavirus in Bayern: „Querdenker"" kündigen riesige Demo in München an - Stadt bestätigt Gespräche. Merkur.de, 2020-09-09","https://www.merkur.de/bayern/coronavirus-markus-soeder-bayern-demo-querdenker-muenchen-odeonsplatz-stadt-zr-90036711.html","Die Gruppierung „Querdenker 089"" hat eine Demo am Odeonsplatz angemeldet - mit rund 5000 Teilnehmern."
"113","2020-11-04","internetbasiert","„Nagelt den Wixer an ein Kirchentor“. Tagesspiegel, 2020-11-04","https://www.tagesspiegel.de/politik/corona-skeptiker-in-auseinandersetzung-mit-einem-polizisten-nagelt-den-wixer-an-ein-kirchentor/26588630.html","So ist es in einem Video zu sehen, das die „Querdenker“ ins Netz stellten. M. wartete kurz, bis er sich gegen die Buh-Rufe der Demonstranten Gehör verschaffen konnte - und blieb bei der Aufforderung an die Protestierer, die Straße des 17. Juni zu verlassen und die Demonstration zu beenden."
"114","2020-09-09","internetbasiert","Coronavirus in Bayern: „Querdenker"" kündigen riesige Demo in München an - Stadt bestätigt Gespräche. Merkur.de, 2020-09-09","https://www.merkur.de/bayern/coronavirus-markus-soeder-bayern-demo-querdenker-muenchen-odeonsplatz-stadt-zr-90036711.html","„Querdenker 089“ ist ein regionaler Ableger der in Stuttgart gegründeten „Querdenker 711“, die wiederum für die Demo in Berlin verantwortlich war."
"115","2020-11-08","internetbasiert","Corona-Demo Leipzig: Mobilisierung der Mitte. Tichys Einblick, 2020-11-08","http://www.tichyseinblick.de/meinungen/corona-demo-leipzig-mobilisierung-der-mitte/","Das waren nicht die Querdenker, es waren schon wieder die staatlich finanzierten Schlägerbanden der kriminellen SAntifa. IN CONNEWITZ UND PLAGWITZPolizeiwachen in Leipzig angegriffen Unbekannte bewarfen am Sonntag eine Dienststelle in Connewitz mit Steinen und Flaschen."
"116","2020-09-16","internetbasiert","Coronavirus: Virologe Streeck fordert Strategiewechsel - „Halte es für essenziell, dass ...“. Merkur.de, 2020-09-16","https://www.merkur.de/welt/coronavirus-deutschland-virologie-streeck-strategie-pandemie-infektionszahlen-zr-90044142.html","Einige kritisieren ihn als „Verharmloser“ der Pandemie, bei anderen weckt er Sympathien als sogenannter „Querdenker“."
"117","2020-11-04","internetbasiert","„Nagelt den Wixer an ein Kirchentor“. Tagesspiegel, 2020-11-04","https://www.tagesspiegel.de/politik/corona-skeptiker-in-auseinandersetzung-mit-einem-polizisten-nagelt-den-wixer-an-ein-kirchentor/26588630.html","Am Sonntag in München beispielsweise tricksten die „Querdenker“ Polizei und Versammlungsbehörde schlicht aus, indem sie ihre Kundgebung mit rund 2000 Menschen auf der Theresienwiese zum Gottesdienst umdeklarierten."
"118","2020-08-26","internetbasiert","Wie die Corona-Protestanten ticken - DER SPIEGEL - Netzwelt. Derspiegel, 2020-08-26","https://www.spiegel.de/netzwelt/corona-proteste-psychogramm-der-empoerten-kolumne-a-e853511e-eb67-48df-a801-194dd373a7cd","""Querdenker:"
"119","2020-11-15","internetbasiert","Corona-Demo in Frankfurt: Polizei setzt Wasserwerfer ein - gegen die Gegendemonstranten. Merkur.de, 2020-11-15","https://www.merkur.de/politik/corona-demo-frankfurt-polizei-wasserwerfer-gegendemonstranten-antifa-querdenken-zr-90100644.html","Darf ich davon ausgehen, dass das Nichttragen von MNS durch die Querdenker von der Polizei Frankfurt NICHT als Angriff auf Polizeibeamte gewertet wird?"
"120","2020-09-09","internetbasiert","Coronavirus in Bayern: „Querdenker"" kündigen riesige Demo in München an - Stadt bestätigt Gespräche. Merkur.de, 2020-09-09","https://www.merkur.de/bayern/coronavirus-markus-soeder-bayern-demo-querdenker-muenchen-odeonsplatz-stadt-zr-90036711.html","Update vom 7. September, 8.01 Uhr:Die Vereinigung „Querdenker 089"" hat eine groß angelegte Demonstration in München angemeldet."
"121","2020-11-22","internetbasiert","Dritter Zwischenbericht - Die Corona-Krise. freitag.de, 2020-11-22","https://www.freitag.de/autoren/sigismundruestig/die-corona-krise-2","- zu Corona-Zweiflern, selbst ernannten Querdenkern und sonstigen Verschwörungserzählern: von Ignoranten bis zu mimosenhaften Egomanen"
"122","2020-09-21","internetbasiert","Was tun, wenn die zweite Welle komm? Die deutsche Politik in der Corona-Krise - DER SPIEGEL - Politik. Derspiegel, 2020-09-21","https://www.spiegel.de/politik/deutschland/bund-laender-und-kommunen-vor-der-zweiten-corona-welle-was-kann-die-politik-tun-a-8767db1c-1826-4f3b-82d1-71ab405dd13d","Schon das hält man bei den sogenannten Querdenkern und ihren Verbündeten im Bundestag, der AfD, für übertrieben und Panikmache."
"123","2020-08-30","internetbasiert","„Die wollten Kriegsgerichte und Galgen für Merkel und Drosten“. Tagesspiegel, 2020-08-30","https://www.tagesspiegel.de/politik/corona-demo-in-berlin-die-wollten-kriegsgerichte-und-galgen-fuer-merkel-und-drosten/26141704.html","Und die „Querdenker“ waren gemäßigter?"
"124","2020-05-05","internetbasiert","Fall Palmer: Für Querdenker und Realisten ist bei den Grünen kein Platz. Tichys Einblick, 2020-05-05","http://www.tichyseinblick.de/kolumnen/der-fall-palmer-zeigt-fuer-querdenker-und-realisten-ist-bei-den-gruenen-kein-platz/","Dies trifft auf alle bekannten Querdenker in den Parteien zu."
"125","2020-05-07","internetbasiert","Köpfe der Corona-Relativierer: Alu mit Bürgerrechtsfassade. Tazgezwitscher, 2020-05-07","https://taz.de/!5681132/","Sich selbst betrachten sie als Aufklärer, Querdenker oder schlicht als Volk."
"126","2020-10-21","internetbasiert","Kampf gegen die Pandemie in den Bezirken. Tagesspiegel, 2020-10-21","https://www.tagesspiegel.de/berlin/bezirke/coronavirus-updates-in-unseren-newslettern-kampf-gegen-die-pandemie-in-den-bezirken/26292924.html","„Querdenker“ mobilisieren für Demo gegen WHO Gipfel"
"127","2020-05-12","internetbasiert","Elon Musk probt in der Corona-Krise den Aufstand: Tesla-Chef nimmt Gefängnis in Kauf. https://www.fr.de, 2020-05-12","https://www.fr.de/panorama/elon-musk-corona-tesla-spacex-usa-donald-trump-faschistisch-zr-13746440.html","Elon Muskgibt sich das Image eine Querdenkers und Rebellen - nicht nur in Fragen der Wirtschaft."
"128","2020-09-25","internetbasiert","„Wir sind nicht hier, weil es brennt, wir sind hier, um zu löschen“. Tagesspiegel, 2020-09-25","https://www.tagesspiegel.de/berlin/erster-klimastreik-seit-beginn-der-corona-pandemie-wir-sind-nicht-hier-weil-es-brennt-wir-sind-hier-um-zu-loeschen/26220500.html","Während sich die in den letzten Wochen auf der Straße des 17. Juni flanierenden „Querdenker“ bekanntlich wenig um das Corona-bedingte Abstandhalten und das Maskengebot kümmerten, hatten die Organisatoren des Klimastreiks zahlreiche Ordner engagiert, um immer wieder auf die Covid19-Maßnahmen hinzuweisen."
"129","2020-08-29","internetbasiert","Berliner Gericht kippt Demo-Verbot: Polizei bereitet Großeinsatz vor und sorgt jetzt für mögliche Kehrtwende. Merkur.de, 2020-08-29","https://www.merkur.de/politik/berlin-demos-coronavirus-verbot-sturm-gewalt-drohungen-nazis-netzwerke-gericht-zr-90031640.html","Circa tausend Querdenker bereits jetzt am Brandenburger Tor."
"130","2020-12-01","internetbasiert","Corona in Regensburg: Trotz Teil-Lockdown und Kontaktbeschränkungen - 7-Tage-Inzidenz steigt weiter. Merkur.de, 2020-12-01","https://www.merkur.de/bayern/regensburg/coronaviurs-regensburg-zahlen-infektionen-inzidenz-bayern-lockdown-jugendlicher-maske-news-aktuell-zr-90099132.html","Dort allerdings dürfen die Querdenker fröhlich beisammenstehen (freilich mit 1,5 Metern Abstand)."
"131","2020-09-11","internetbasiert","Coronaskeptiker: Zu einfache Antworten. Deutsches Ärzteblatt, 2020-09-11","https://www.aerzteblatt.de/archiv/215437/Coronaskeptiker-Zu-einfache-Antworten","Suggeriert wird, dass der Minister sich der Meinung der sogenannten Querdenker annimmt, die seit Wochen mit diesem Argument gegen die Coronapolitik der Großen Koalition protestieren."
"132","2020-11-17","internetbasiert","„Ich kann das mit meinem Gewissen nicht vereinbaren“: Söder über die Corona-Lage in Bayern und Deutschland. Merkur.de, 2020-11-17","https://www.merkur.de/politik/markus-soeder-corona-bayern-deutschland-regeln-weihnachten-beschraenkungen-zr-90099098.html","Im Interview zieht er eine erste Zwischenbilanz – und kündigt ein konsequentes Vorgehen gegen jenen Teil der „Querdenker“ an, bei denen er eine Radikalisierung befürchtet."
"133","2020-09-03","internetbasiert","Willkommen im Wissenschaftsladen!. Tagesspiegel, 2020-09-03","https://www.tagesspiegel.de/wissen/reaktion-auf-corona-skeptiker-und-impfgegner-willkommen-im-wissenschaftsladen/26154784.html","Ein Merkmal der Corona-Proteste ist die Wissenschaftsfeindlichkeit vieler selbsternannter ""Querdenker""."
"134","2020-08-26","internetbasiert","Wie die Corona-Protestanten ticken - DER SPIEGEL - Netzwelt. Derspiegel, 2020-08-26","https://www.spiegel.de/netzwelt/corona-proteste-psychogramm-der-empoerten-kolumne-a-e853511e-eb67-48df-a801-194dd373a7cd","Die für den 29. August geplante und nun untersagte Demo wurde maßgeblich von der Bewegung ""Querdenker 711"" initiiert."
"135","2020-11-22","internetbasiert","Dritter Zwischenbericht - Die Corona-Krise. freitag.de, 2020-11-22","https://www.freitag.de/autoren/sigismundruestig/die-corona-krise-2","Natürlich sind diese Fakten den selbsternannten Querdenkern ein Dorn im Auge, weil das so gar nicht zu deren Verschwörungs-Masken-Narrativ passen will."
"136","2020-11-22","internetbasiert","Dritter Zwischenbericht - Die Corona-Krise. freitag.de, 2020-11-22","https://www.freitag.de/autoren/sigismundruestig/die-corona-krise-2","Für die Querdenker mag das zutreffen!"
"137","2020-11-16","internetbasiert","Rechtsextremisten steuern die Corona-Proteste zum Teil schon. Tagesspiegel, 2020-11-16","https://www.tagesspiegel.de/berlin/berliner-sicherheitsbehoerden-alarmiert-rechtsextremisten-steuern-die-corona-proteste-zum-teil-schon/26627460.html","„Wollt ihr den totalen Lockdown?“Berliner Staatsanwältin demonstriert mit „Reichsbürgern“ und „Querdenkern“"
"138","2020-11-21","internetbasiert","„Es gibt bei einigen diese Kreuzzugsmentalität“. Tagesspiegel, 2020-11-21","https://www.tagesspiegel.de/berlin/evangelikale-christen-und-der-corona-protest-es-gibt-bei-einigen-diese-kreuzzugsmentalitaet/26644652.html","Einer der Poster Boys der „Querdenker“, Samuel Eckert, ist ebenfalls Adventist."
"139","2020-09-09","internetbasiert","Coronavirus in Bayern: „Querdenker"" kündigen riesige Demo in München an - Stadt bestätigt Gespräche. Merkur.de, 2020-09-09","https://www.merkur.de/bayern/coronavirus-markus-soeder-bayern-demo-querdenker-muenchen-odeonsplatz-stadt-zr-90036711.html","Rund 5000 Menschen wollen die „Querdenker“ mobilisieren."
"140","2020-08-04","internetbasiert","Eltern fürchten Corona-Comeback: Die zweite Welle kommt. Tazgezwitscher, 2020-08-04","https://taz.de/!5700026/","Ein Rave hier, eine Demo von Querdenkern (100 Millionen Teilnehmer) da, Fitnessstudio, Restaurantbesuch, leider keine Maske dabei, Gottesdienst, Kneipe (Name?"
"141","2020-10-16","internetbasiert","Maßnahmen gegen Corona: Zunehmend diffus. Tazgezwitscher, 2020-10-16","https://taz.de/!5718442/","Alkoholverbote bringen nichts, außer, dass sie Trinkfreudige aus Trotz den Querdenkern zutreiben."
"142","2020-08-09","internetbasiert","TikTok, Corona und Kevin Kühnert: FDP, sag doch nochmal was Lustiges!. Tazgezwitscher, 2020-08-09","https://taz.de/!5701890/","Angenommen, Bill Gates würde die Bundesregierung veranlassen, gesetzlich vorzuschreiben, dass man bei Rot stehen und bei Grün gehen soll, gäbe ich uns derzeit drei Wochen, bis die ersten Querdenker mit dem heroischen Ruf „Nachdenken!“ bei Rot untern Laster hüpfen."
"143","2020-11-22","internetbasiert","Coronalob an die Mehrheit: Verstörend gelassene Freundlichkeit. Tazgezwitscher, 2020-11-22","https://taz.de/!5727788/","Union, SPD, FDP, Grüne und Linkspartei attackieren die AfD, weil sie Querdenker in den Bundestag schleuste."
"144","2020-11-17","internetbasiert","Corona-Kritiker demonstrieren vor Schule - und sprechen Kinder auf Maske an: „Ihr könnt doch nicht richtig atmen!“. Merkur.de, 2020-11-17","https://www.merkur.de/lokales/schongau/schongau-ort29421/schongau-corona-leugner-klardenker-maskenpflicht-kinder-demonstrieren-schule-90098958.html","Bitte lasst Euch von diesen beratungsresistenten und ignoranten Menschen, die sich „Querdenker“ nennen, nicht verunsichern."
"145","2020-11-13","internetbasiert","Update am Abend: Tag der Zwischenbilanzen. Zweites Deutsches Fernsehen, 2020-11-13","https://www.zdf.de/uri/a6350e4b-db16-43d8-9838-42b079d3bf26","Bayerns Ministerpräsident Söder (CSU) will, dass sich der Verfassungsschutz intensiver mit der Bewegung der ""Querdenker"" befasst."
"146","2020-11-10","internetbasiert","Corona-Demo in Leipzig eskaliert: Streit in Koalition - Parteien schießen sich auf Minister ein. Merkur.de, 2020-11-10","https://www.merkur.de/politik/leipzig-coronavirus-demo-proteste-querdenken-polizei-merkel-samstag-soeder-masken-krawalle-angriffe-zr-90093322.html","Für Querdenker gelten keine Sonderrechte.“"
"147","2020-05-11","internetbasiert","Corona-Demonstrationen: Kein Wasser auf die Mühlen der Verschwörungstheoretiker. Frankfurter Allgemeine Zeitung, 2020-05-11","https://www.faz.net/1.6765014","Ballwegs Kurve zeigt die wachsende Teilnehmerzahl der Demonstrationen, die er mit seiner Initiative „Querdenker 711“ seit fünf Wochen organisiert."
"148","2020-09-02","internetbasiert","Nazis und Coronademos: Das „linke“ Aushalten. Tazgezwitscher, 2020-09-02","https://taz.de/!5706798/","@Walter Sobchak Übrigens sollten aufgeklärte Menschen diese Quarkdenker nicht mit dem Begriff Querdenker aufwerten."
"149","2020-06-15","internetbasiert","Healthcare Hackathon soll Wissen für COVID-19-Vorhaben bündeln. AerzteZeitung.de, 2020-06-15","https://www.aerztezeitung.de/Wirtschaft/Healthcare-Hackathon-soll-Wissen-fuer-COVID-19-Vorhaben-buendeln-409574.html","Interdisziplinäre Teams aus Ärzten, IT-Experten und Querdenkern treten am Montag wieder an, kreative digitale Lösungen für das Gesundheitswesen zu entwickeln: beim Healthcare Hackathon."
"150","2020-11-24","internetbasiert","Update am Morgen: Die Angst vor dem Blackout. Zweites Deutsches Fernsehen, 2020-11-24","https://www.zdf.de/uri/f06f0cd6-5d2e-4299-ae23-28a1fd62b54f","""Querdenker"": Söder will Vernetzung mit der AfD beleuchten: Aus Sicht von CSU-Chef Markus Söder sollten die Sicherheitsbehörden die Vernetzung zwischen AfD und der sogenannten Querdenker-Bewegung besser ausleuchten."
"151","2020-11-22","internetbasiert","Infektionsschutzgesetz: Coronaleugner suchen den maximalen Horror - Podcast - DER SPIEGEL - Netzwelt. Derspiegel, 2020-11-22","https://www.spiegel.de/netzwelt/web/infektionsschutzgesetz-coronaleugner-suchen-den-maximalen-horror-podcast-a-0dfb90d0-3ee5-40d3-9bcc-2218a4e0ab86","Das erkläre auch, warum Nazivergleiche (Stichwort »Ermächtigungsgesetz« oder auch »Impf-Holocaust«) zum Standardrepertoire sogenannter Querdenker gehören: Sie entsprächen einfach »dem deutschen Maximalhorror, den man bei einer ständigen Steigerung zwingend erreicht«."
"152","2020-12-01","internetbasiert","Corona: Neue Regeln gelten ab heute - Merkel warnt vor dritter Welle. Berliner Morgenpost, 2020-12-01","https://www.morgenpost.de/vermischtes/article230988824/Corona-neue-Regeln-RKI-Zahlen-Impfstoff-Lockdown-aktuell-News.html","Bouffier schloss nicht aus, dass es „Querdenker“ auch bei der hessischen Polizei gebe, die 20.000 Beschäftigte habe."
"153","2020-09-17","internetbasiert","DJ über seine Corona-Erkrankung: „Für manche noch abstrakt“. Tazgezwitscher, 2020-09-17","https://taz.de/!5710070/","Letztes Wochenende gab es nun eine rechtspopulistische „Querdenker 089“-Kundgebung auf der Münchner Theresienwiese."
"154","2020-11-22","internetbasiert","Dritter Zwischenbericht - Die Corona-Krise. freitag.de, 2020-11-22","https://www.freitag.de/autoren/sigismundruestig/die-corona-krise-2","Die möglicherweise erstaunten, ungläubigen Querdenker weise ich gerne auf die italienische Plattform „Kampf gegen schlechte Wissenschaft und Pseudoforschung“ für weitere Informationen hin."
"155","2020-11-08","internetbasiert","Corona-Demo in Leipzig: ""Potenzielles Super-Spreader-Event"". Politik, 2020-11-08","https://www.zdf.de/uri/75f2665a-6cb1-4a90-8bb1-2fe843198686","Am Morgen hatte das OVG die Verlegung gekippt, mittags waren schon Tausende ""Querdenker"" in der Leipziger City unterwegs."
"156","2020-08-29","internetbasiert","Protest gegen Coronamaßnahmen in Berlin: Absurdes Nebeneinander. Tazgezwitscher, 2020-08-29","https://taz.de/!5710608/","@Jim Hawkins Als Ergänzung: ""Querdenker""?"
"157","2020-09-08","internetbasiert","Update am Morgen: Demo ohne rechten Abstand. Zweites Deutsches Fernsehen, 2020-09-08","https://www.zdf.de/uri/875031b9-3fc4-47d1-9fb0-65ae1fab671d","Als hätte die bunte Mischung der selbsternannten ""Querdenker"" insgesamt versucht, sich von der braunen abzugrenzen."
"158","2020-10-12","internetbasiert","Interview: Giulia Silbenberger über ""Querdenken""-Bewegung. Panorama, 2020-10-12","https://www.zdf.de/uri/a32974fc-fbf4-42c9-9236-378ea93352da","Wir haben beobachtet, wie insbesondere dierechte Szeneimmer wieder dazu aufgerufen hat, die Querdenker zu unterstützen."
"159","2020-11-28","internetbasiert","Vorsitzender der deutschen Bischöfe fordert einen Corona-Gedenktag. Berliner Morgenpost, 2020-11-28","https://www.morgenpost.de/politik/article231022382/Bischof-Baetzing-Wir-brauchen-einen-Corona-Gedenktag.html","Seit Monaten kämpft die Bewegung der „Querdenker“ gegen die Corona-Maßnahmen."
"160","2020-11-17","internetbasiert","Corona-Lockdown in Österreich: A bisserl was geht immer. Tazgezwitscher, 2020-11-17","https://taz.de/!5725492/","Wie viele Coronaleugner und Querdenker gibt es in Österreich?"
"161","2020-11-09","internetbasiert","Corona-Protest nach Leipzig-Demo: Sie radikalisieren sich weiter. Tazgezwitscher, 2020-11-09","https://taz.de/!5724075/","Die „Querdenker“ machten am Montag dagegen ungerührt weiter."
"162","2020-11-24","internetbasiert","""Querdenker"": Söder will Vernetzung mit der AfD beleuchten. Politik, 2020-11-24","https://www.zdf.de/uri/1c64aa2e-ec69-470a-863e-5e39a8b63187","""Gerade die Querdenker entwickeln sich sektenähnlich und isolieren normale Bürger in ihrer Verschwörungsblase."
"163","2020-05-23","internetbasiert","Corona und Verschwörungstheorie: Macht Bio wirr?. Tazgezwitscher, 2020-05-23","https://taz.de/!5684477/","Unabhängige Geister - das ich nicht lache, diese Großstadt-Ökos, 'Tierschützer', Anthroposophen, Jesus-Freaks und Anarchisten sind doch keine radikalen Querdenker, die hängen fester in ihren Netzen als jeder Nazi - und das Netz heißt ich-ich-ich-ich-ich bin mindestens der Mittelpunkt der Welt, wenn nicht noch mehr!"
"164","2020-11-09","internetbasiert","Demo in Leipzig gegen Corona-Maßnahmen – eine Nachbetrachtung. Tichys Einblick, 2020-11-09","http://www.tichyseinblick.de/kolumnen/alexander-wallasch-heute/demo-in-leipzig-gegen-corona-massnahmen-eine-nachbetrachtung/","TEerreicht am Sonntag den Gründer der Querdenker beim Mittagessen."
"165","2020-11-09","internetbasiert","Demo in Leipzig gegen Corona-Maßnahmen – eine Nachbetrachtung. Tichys Einblick, 2020-11-09","http://www.tichyseinblick.de/kolumnen/alexander-wallasch-heute/demo-in-leipzig-gegen-corona-massnahmen-eine-nachbetrachtung/","Jetzt kann man über Leipzig nicht unbedingt sagen, dass die Querdenker hier besonders präsent gewesen wären als Gruppe, trotz Anmelderfunktion."
"166","2020-11-22","internetbasiert","Dritter Zwischenbericht - Die Corona-Krise. freitag.de, 2020-11-22","https://www.freitag.de/autoren/sigismundruestig/die-corona-krise-2","Warum, haben sich viele schon gefragt, lehnen die selbst ernannten Querdenker entgegen aller wissenschaftlich gesicherten Untersuchungen Hygiene-Maßnahmen zur Bekämpfung der Corona-Pandemie wie insbesondere das Tragen von Masken so vehement und militant ab? Tragen Querdenker mit ihrem Masken-Boykott doch auch zur Ausbreitung des Virus bei!"
"167","2020-11-22","internetbasiert","Dritter Zwischenbericht - Die Corona-Krise. freitag.de, 2020-11-22","https://www.freitag.de/autoren/sigismundruestig/die-corona-krise-2","Wie abstrus diese Verirrung der selbst ernannten Querdenker ist, kann man sich wie folgt klar machen:"
"168","2020-04-22","internetbasiert","Impfstoff-Test in Deutschland: Es läuft an. Tazgezwitscher, 2020-04-22","https://taz.de/!5680533/","Sie ist ein Paradebeispiel dafür, was passieren kann, wenn Querdenker nicht gehört werden, etwa der Epidemiologe Tom Jefferson, der für die Cochrane Collaboration und die Universität Oxford arbeitet..."""
"169","2020-10-16","internetbasiert","Maßnahmen gegen Corona: Zunehmend diffus. Tazgezwitscher, 2020-10-16","https://taz.de/!5718442/","Exakt 2 Wochen vor dem ersten signifikanten Anstieg fand doch in Berlin die Massendemo der sogenannten ""Querdenker"" (siehe auch: www.titanic-magazi...42_87f04e1b04.jpg) statt, mit gewollten massenhaften Verstoßen gegen Hygienevorschriften sowie fabuliertem ""Sturm auf den Reichstag""."
"170","2020-10-02","internetbasiert","Antisemitismusbeauftragter über Corona-Leugner: „Kuschelpädagogik bringt nichts“. Tazgezwitscher, 2020-10-02","https://taz.de/!5712778/","Warum ballt sich gerade im Südwesten der Protest der sogenannten Querdenker?"
"171","2020-10-20","internetbasiert","Corona: Lasst uns über den Tod sprechen. Tichys Einblick, 2020-10-20","http://www.tichyseinblick.de/gastbeitrag/corona-lasst-uns-ueber-den-tod-sprechen/","Ich habe auch keine Demos von Querdenkern besucht, obwohl Querdenken eigentlich meinem Ideal von politischer Meinungsbildung entspricht und ich diesen Leuten allein schon dafür dankbar bin, dass sie das Wort in Umlauf gebracht haben."
"172","2020-11-23","internetbasiert","Das etwas andere Logbuch - Das Leben in den Zeiten der Corona, Woche 36. freitag.de, 2020-11-23","https://www.freitag.de/autoren/cabee/das-leben-in-den-zeiten-der-corona-woche-36","Sagen tue ich das aber lieber nicht, in diesen Tagen ist man als denkender Mensch allzu schnell ein Querdenker."
"173","2020-10-12","internetbasiert","Interview: Giulia Silbenberger über ""Querdenken""-Bewegung. Panorama, 2020-10-12","https://www.zdf.de/uri/a32974fc-fbf4-42c9-9236-378ea93352da","ZDFheute:Wer verbirgt sich denn hinter den so genannten Querdenkern?"
"174","2020-11-25","internetbasiert","Update am Morgen: Corona-Lexikon - Lockdown vs. Shutdown. Zweites Deutsches Fernsehen, 2020-11-25","https://www.zdf.de/uri/c8c645aa-fd2e-4eff-85fa-006b01d4e4b7","Hasskommentare, NS-Vergleiche bei Querdenkern:"
"175","2020-11-05","internetbasiert","„Berichterstattung wird zum Spießrutenlauf“. Tagesspiegel, 2020-11-05","https://www.tagesspiegel.de/gesellschaft/medien/journalisten-bei-corona-demos-berichterstattung-wird-zum-spiessrutenlauf/26594056.html","„Die ,Querdenker‘-Szene radikalisiert sich rasend schnell“, erklärt auch der Sprecher des DJV, Hendrik Zörner:"
"176","2020-05-14","internetbasiert","«Übertragbare Krankheiten wie Mumps, Masern oder Windpocken gab es nicht, als die Leute noch in kleinen Gruppen lebten und stets umherzogen» | NZZ. Neue Zürcher Zeitung, 2020-05-14","https://www.nzz.ch/geschichte/der-zeitgeist-kam-mir-entgegen-ld.1554551","Es gibt diesen Ausdruck: «Querdenker»."
"177","2020-11-22","internetbasiert","Dritter Zwischenbericht - Die Corona-Krise. freitag.de, 2020-11-22","https://www.freitag.de/autoren/sigismundruestig/die-corona-krise-2","Warum stellen sich die Autoren der DNEbM-Stellungnahme nicht mal die Frage, weshalb die Maßnahmen, die sie als zu wenig evidenzbasiert kritisieren wie z.B. das Maskentragen, in China - aber auch anderswo - seit über 20 Jahrhunderten, also nicht erst seit der Industrialisierung, eine bewährte, selbst von dortigen Querdenkern akzeptierte und erfolgreiche Praxis zur Seuchenbekämpfung sind?"
"178","2020-11-10","internetbasiert","Corona-Auflagen: Schränkt die Versammlungsfreiheit ein - Kommentar - DER SPIEGEL - Politik. Derspiegel, 2020-11-10","https://www.spiegel.de/politik/deutschland/corona-auflagen-schraenkt-die-versammlungsfreiheit-ein-kommentar-a-5600cb16-97a5-4a16-829c-b3951a7bb196","Darunter das übliche Gemisch der selbst ernannten ""Querdenker"": eine recht große Gruppe von schwer verwirrten Verschwörungstheoretikern, einige Protestler mit berechtigten Sorgen, die sich offenbar wenig Gedanken darüber machen, mit wem sie da marschieren – und dazu nicht wenige Rechtsextremisten, die sich dem Corona-Leugner-Milieu anbiedern."
"179","2020-09-19","internetbasiert","Wolfgang Niedecken über Coronaleugner: „Merken die eigentlich gar nichts?“. Tazgezwitscher, 2020-09-19","https://taz.de/!5711288/","Der BAP-Sänger Wolfgang Niedecken hält „Querdenker“ für Scheinriesen – bei FFF läuft er aber gerne mit."
"180","2020-11-18","internetbasiert","Demonstrationen gegen Coronapolitik: Gefährliches Schutzverständnis. Tazgezwitscher, 2020-11-18","https://taz.de/!5725532/","Und das gilt nicht nur zu Ihren Gunsten, sondern auch für Querdenker und alle anderen Ihnen sonst noch missliebigen Personen."
"181","2020-05-23","internetbasiert","Corona und Verschwörungstheorie: Macht Bio wirr?. Tazgezwitscher, 2020-05-23","https://taz.de/!5684477/","Leute unterschiedlichster Herkunft und Geisteshaltung also, die sich selbst zugutehalten, als „Querdenker“ aufrecht durchs Leben geschritten zu sein – und sich nun aufgefordert fühlen, mal so richtig auf den Putz zu hauen."
"182","2020-09-08","internetbasiert","Was im Einsatzplan der Polizei zur Corona-Großdemo stand. Tagesspiegel, 2020-09-08","https://www.tagesspiegel.de/berlin/fruehzeitiges-und-offensives-vorgehen-was-im-einsatzplan-der-polizei-zur-corona-grossdemo-stand/26165916.html","Angeblich Demonstrantin getötet:„Querdenker“ verbreiten gezielt Fakenews über Demo-Wochenende"
"183","2020-11-15","internetbasiert","Corona-Demo in Frankfurt: Polizei setzt Wasserwerfer ein - gegen die Gegendemonstranten. Merkur.de, 2020-11-15","https://www.merkur.de/politik/corona-demo-frankfurt-polizei-wasserwerfer-gegendemonstranten-antifa-querdenken-zr-90100644.html","Wie die Polizei auf Twitter verkündet, wurden zur Räumung der Straße für den Zug der „Querdenker“ allerdings auch Wasserwerfer eingesetzt."
"184","2020-11-09","internetbasiert","Reaktionen auf Leipziger Querdenken- Demonstration. Politik, 2020-11-09","https://www.zdf.de/uri/642d5d41-cc7f-408a-8b65-673d0615e751","Söder zufolge muss das ""Phänomen Querdenker"" stärker geprüft und genauer darauf geschaut werden, was dahinter stecke."
"185","2020-11-18","internetbasiert","Demonstrationen gegen Coronapolitik: Gefährliches Schutzverständnis. Tazgezwitscher, 2020-11-18","https://taz.de/!5725532/","Die selbsternannten Querdenker, die mit dem Grundgesetz rumfuchteln: Sie treten seinen Inhalt mit Füßen."
"186","2020-11-09","internetbasiert","Corona-Protest nach Leipzig-Demo: Sie radikalisieren sich weiter. Tazgezwitscher, 2020-11-09","https://taz.de/!5724075/","Eine klare Distanzierung der „Querdenker“ von den Neonazis jedenfalls blieb aus:"
"187","2020-11-12","internetbasiert","Die Corona-Spiele haben gerade erst begonnen - Thomas Schmid. Thomas Schmid, 2020-11-12","https://schmid.welt.de/2020/11/12/die-corona-spiele-haben-gerade-erst-begonnen/","Seit Monaten schon versuchen „Querdenker“, sich als Advokaten der Freiheit in Szene zu setzen, die heute mit Füßen getreten werde."
"188","2020-05-23","internetbasiert","Corona und Verschwörungstheorie: Macht Bio wirr?. Tazgezwitscher, 2020-05-23","https://taz.de/!5684477/","Leute unterschiedlichster Herkunft und Geisteshaltung also, die sich selbst zugutehalten, als „Querdenker“ aufrecht durchs Leben geschritten zu sein – und sich nun aufgefordert fühlen, mal so richtig auf den Putz zu hauen."
"189","2020-11-19","internetbasiert","Polizeieinsatz gegen Coronaleugner: Kinder im Regen. Tazgezwitscher, 2020-11-19","https://taz.de/!5725717/","Aufrufe von Querdenkern auf Twitter, Kinder mitzubringen, gibt es wohl, aber da weiß man ja nie, wie es um die Echtheit bestellt ist."
"190","2020-08-04","internetbasiert","Corona-Proteste in Berlin: Experte gibt tiefe Einblicke in Demonstranten - Umfrage mit deutlicher Sprache. Merkur.de, 2020-08-04","https://www.merkur.de/politik/coronavirus-berlin-demo-leugner-nazis-demonstration-polizei-hayali-lauterbach-esken-chrupalla-experte-zr-90016113.html","Der sich selbst als freiheitsliebend bezeichnende„Querdenker 711“-Initiator Stephan Bergmannsteht derweil unter dem Verdacht, identitäres Gedankengut zu verbreiten."
"191","2020-11-13","internetbasiert","""Querdenker"": Söder will den Verfassungsschutz einschalten. Politik, 2020-11-13","https://www.zdf.de/uri/ced70313-a07c-4ab3-bd1d-07172ceeb515","Er habe ""ein ungutes Gefühl, dass sich bei einem Teil der Querdenker Ähnliches anbahnt"", sagte der bayerische Regierungschef."
"192","2020-11-12","internetbasiert","FDP-Politikerin über Folgen von Covid-19: „Das war der Horror“. Tazgezwitscher, 2020-11-12","https://taz.de/!5728056/","Die Querdenker zeigen bewusst Bilder von 1989 und nennen sich Diktaturopfer."
"193","2020-11-15","internetbasiert","Corona-Demo in Frankfurt: Polizei setzt Wasserwerfer ein - gegen die Gegendemonstranten. Merkur.de, 2020-11-15","https://www.merkur.de/politik/corona-demo-frankfurt-polizei-wasserwerfer-gegendemonstranten-antifa-querdenken-zr-90100644.html","„Darf ich davon ausgehen, dass das Nichttragen von MNS durch die Querdenker von der Polizei Frankfurt NICHT als Angriff auf Polizeibeamte gewertet wird?"
"194","2020-04-24","internetbasiert","Am Telefon zur Corona-Pandemie: Dr. Knut Wittkowski | KenFM.de. KenFM.de, 2020-04-24","https://kenfm.de/am-telefon-zur-corona-pandemie-dr-knut-wittkowski/","@ Querdenker"
"195","2020-11-20","internetbasiert","Debatte über Coronaprovokateure: Die große AfD-Opfershow. Tazgezwitscher, 2020-11-20","https://taz.de/!5727689/","Union, SPD, FDP, Grüne und Linkspartei attackieren die AfD, weil sie Querdenker in den Bundestag schleuste."
"196","2020-08-25","internetbasiert","Wer denkt in der Corona-Krise an die Traurigen und die Müden? - DER SPIEGEL - Kultur. Derspiegel, 2020-08-25","https://www.spiegel.de/kultur/corona-erschoepfung-fuer-die-traurigen-und-die-mueden-kolumne-a-efa65852-9ae5-4c98-b982-faf01717ba34","Nur: Im Grunde ist inzwischen ganz gut bekannt, wofür die Pandemieleugner und ""Querdenker"" stehen."
"197","2020-11-18","internetbasiert","Coronaproteste in Berlin: Flaschen- und Böllerwürfe nach Demo. Tazgezwitscher, 2020-11-18","https://taz.de/!5729786/","nicht Querdenker!"
"198","2020-11-15","internetbasiert","Das etwas andere Logbuch - Das Leben in den Zeiten der Corona, Woche 35. freitag.de, 2020-11-15","https://www.freitag.de/autoren/cabee/das-leben-in-den-zeiten-der-corona-woche-35","Oder zeichnet sich hier gar eine spätere Laufbahn als “Querdenker” ab?"
"199","2020-11-22","internetbasiert","Dritter Zwischenbericht - Die Corona-Krise. freitag.de, 2020-11-22","https://www.freitag.de/autoren/sigismundruestig/die-corona-krise-2","Dieses Durcheinander wird auch gerne von den sogenannten Querdenkern für ihre Leugnung der Corona-Kranken benutzt."
"200","2020-11-19","internetbasiert","Wegen hetzerischen Coronalieds angezeigt: Mediziner zündelt. Tazgezwitscher, 2020-11-19","https://taz.de/!5725646/","Eine Bremerin, die mit Mann und Tochter gegen die „Querdenker“ protestiert hatte – „damit es nicht immer nur die Antifa und die Omas gegen rechts sind“ –, erstattete am Tag darauf Anzeige und informierte unter anderem die taz."
"201","2020-08-28","internetbasiert","Corona-Skeptiker: Polizisten durchsuchen Wohnung eines Kollegen - DER SPIEGEL - Panorama. Derspiegel, 2020-08-28","https://www.spiegel.de/panorama/justiz/corona-krise-polizei-in-niedersachsen-durchsucht-wohnung-eines-kollegen-a-00000000-0002-0001-0000-000172728802","Auch in Darmstadt gab sich der sogenannte Querdenker als Polizist zu erkennen."
"202","2020-11-09","internetbasiert","Demo in Leipzig gegen Corona-Maßnahmen – eine Nachbetrachtung. Tichys Einblick, 2020-11-09","http://www.tichyseinblick.de/kolumnen/alexander-wallasch-heute/demo-in-leipzig-gegen-corona-massnahmen-eine-nachbetrachtung/","Sehr schlecht erzogene Erwachsene („AfD“-Anhänger, „Pegida“-Trottel, „Querdenker“, „QAnon“-Fans, Erdogan-Anbeter etc.) brauchen sehr wohl Erziehung, und zwar ganz dringend.“"
"203","2020-11-22","internetbasiert","Dritter Zwischenbericht - Die Corona-Krise. freitag.de, 2020-11-22","https://www.freitag.de/autoren/sigismundruestig/die-corona-krise-2","Die Verschwörungs-Erzählungen der selbst ernannten, sich zunehmend radikalisierenden Querdenker sind nichts anderes als Virenkunde für ignorante Dummies, die sich für die Gutmenschen halten und gerne die anderen auf das Übelste alarmistisch und hysterisch, herablassend und übellaunig beschimpfen und respektlos und hinterfotzig beleidigen!"
"204","2020-11-22","internetbasiert","""Querdenken""-Demo: Kruder Vergleich mit Sophie Scholl. Politik, 2020-11-22","https://www.zdf.de/uri/b600a1a4-af16-4ca1-8e1d-436fa49fe8cc","Es war eine absurde Szene, die sich gestern auf der Demo der ""Querdenker"" in Hannover abspielte."
"205","2020-11-18","internetbasiert","Coronaskeptiker in Berlin: Die eingebildete Diktatur. Tazgezwitscher, 2020-11-18","https://taz.de/!5729713/","„Querdenker“ und Rechte wollen am Mittwoch verhindern, dass das Infektionsschutzgesetz novelliert wird."
"206","2020-10-02","internetbasiert","Was Freitag und Samstag an Demos auf Berlin zukommt. Tagesspiegel, 2020-10-02","https://www.tagesspiegel.de/berlin/neonazis-corona-skeptiker-linksautonome-was-freitag-und-samstag-an-demos-auf-berlin-zukommt/26237470.html","Als Redner wird unter anderem der verschwörungsideologische Buchautor Thorsten Schulte aufgeführt, der lange zu den führenden Köpfen der „Querdenken-Bewegung“ gehörte und nun nach internen Zerwürfnissen bei den „Querdenkern“ mit eigenen Mitstreitern durch die Bundesrepublik tourt."
"207","2020-09-11","internetbasiert","Coronaskeptiker: Zu einfache Antworten. Deutsches Ärzteblatt, 2020-09-11","https://www.aerzteblatt.de/archiv/215437/Coronaskeptiker-Zu-einfache-Antworten","Denn ist ein Impfstoff gegen SARS-CoV-2 erst da, werden viele der Querdenker, die schon heute die Ängste vor Impfschäden schüren, erst recht demonstrieren und die sozialen Medien mit ihren Ansichten fluten."
"208","2020-08-22","internetbasiert","Coronagegner und Grundrechte: Wut und Widerstand. Tazgezwitscher, 2020-08-22","https://taz.de/!5703408/","In einem Jahr wird Merkel weg sein, darum müssen sich weder Frau Lengsfeld noch irgendwelche selbsternannten Querdenker Sorgen machen."
"209","2020-11-22","internetbasiert","Dritter Zwischenbericht - Die Corona-Krise. freitag.de, 2020-11-22","https://www.freitag.de/autoren/sigismundruestig/die-corona-krise-2","Auch widersprechen die meisten Thesen der selbst ernannten Querdenker eklatant dieser Deklaration!"
"210","2020-06-29","internetbasiert","Pop und Corona: Der Sieg der puren Vernunft. Tazgezwitscher, 2020-06-29","https://taz.de/!5691522/","Underground, Widerstand und Protest wandern nach rechts: „Querdenker 711“ und „Widerstand 2020“ demonstrieren gegen Maßnahmen zur Eindämmung der neuen Pest."
"211","2020-11-24","internetbasiert","""Querdenker"": Söder will Vernetzung mit der AfD beleuchten. Politik, 2020-11-24","https://www.zdf.de/uri/1c64aa2e-ec69-470a-863e-5e39a8b63187","Es gelte genau hinzusehen, ""welche engen Verbindungen und Verflechtungen es zwischen AfD und Querdenkern gibt"", sagte der bayerische Ministerpräsident der ""Passauer Neuen Presse"" und dem ""Donaukurier""."
"212","2020-11-07","internetbasiert","Coronaskeptiker in Leipzig: Tausende trotzen Demoauflösung. Tazgezwitscher, 2020-11-07","https://taz.de/!5726813/","wirkliche querdenker haben sich noch nie selbst als solche bezeichnet."
"213","2020-09-11","internetbasiert","Coronaskeptiker: Zu einfache Antworten. Deutsches Ärzteblatt, 2020-09-11","https://www.aerzteblatt.de/archiv/215437/Coronaskeptiker-Zu-einfache-Antworten","Diese Argumentation machen sich nicht nur die Anhänger der „Querdenker 711“ zunutze, sondern erst recht diejenigen, die solche Demonstrationen wie Ende August in Berlin für sich instrumentalisieren wollen:"
"214","2020-11-20","internetbasiert","Kampf gegen Corona: CDU-Vize Strobl pocht auf Zwangseinweisung von Quarantänebrechern - DER SPIEGEL - Politik. Derspiegel, 2020-11-20","https://www.spiegel.de/politik/deutschland/thomas-strobl-zu-corona-krise-quarantaenebrecher-muessen-abgesondert-werden-a-00000000-0002-0001-0000-000174103606","Thomas Strobl: Die Sicherheitsbehörden haben die »Querdenker« auf dem Schirm."
"215","2020-11-20","internetbasiert","Debatte über Coronaprovokateure: Die große AfD-Opfershow. Tazgezwitscher, 2020-11-20","https://taz.de/!5727689/","Die AfD hat sich zum parlamentarischen Arm von Rechtsradikalen und Querdenkern gemacht."
"216","2020-11-24","internetbasiert","Update am Abend: Beschlossene Sachen. Zweites Deutsches Fernsehen, 2020-11-24","https://www.zdf.de/uri/e9042c5d-49a7-4fba-b4d0-5e6d0dcec047","Der bayerische Ministerpräsident Markus Söder (CSU) fordert die Sicherheitsbehörden auf, besser zu beleuchten, ""welche engen Verbindungen und Verflechtungen es zwischen AfD und Querdenkern gibt""."
"217","2020-11-18","internetbasiert","Proteste gegen Corona-Schutzmaßnahmen: Eskalation mit Ansage. Tazgezwitscher, 2020-11-18","https://taz.de/!5725575/","Ein deutlicher Fortschritt gegenüber der Nicht-Reportage von der Berliner Augustdemonstration der Querdenker."
"218","2020-11-22","internetbasiert","Dritter Zwischenbericht - Die Corona-Krise. freitag.de, 2020-11-22","https://www.freitag.de/autoren/sigismundruestig/die-corona-krise-2","12. Die Querdenker - eine Social Media konforme Charakterisierung"
"219","2020-09-02","internetbasiert","Nazis und Coronademos: Das „linke“ Aushalten. Tazgezwitscher, 2020-09-02","https://taz.de/!5706798/","@Walter Sobchak Kleine Korrektur: mit den Querstellern meinte ich natürlich die ""Querdenker""."
"220","2020-11-22","internetbasiert","Dritter Zwischenbericht - Die Corona-Krise. freitag.de, 2020-11-22","https://www.freitag.de/autoren/sigismundruestig/die-corona-krise-2","Die Absetzbewegung bei den Querdenkern"
"221","2020-03-15","internetbasiert","Corona-Kollaps? Die Pandemie beschäftigt die Bundesliga. nordbayern.de, 2020-03-15","https://www.nordbayern.de/sport/corona-kollaps-die-pandemie-beschaftigt-die-bundesliga-1.9941305","Ein vom früheren DFL-Spitzenmann und St. Pauli-Funktionär Andreas Rettig - einem Querdenker der Branche - ins Spiel gebrachter Solidarfonds wird skeptisch betrachtet."
"222","2020-11-10","internetbasiert","Corona-Auflagen: Schränkt die Versammlungsfreiheit ein - Kommentar - DER SPIEGEL - Politik. Derspiegel, 2020-11-10","https://www.spiegel.de/politik/deutschland/corona-auflagen-schraenkt-die-versammlungsfreiheit-ein-kommentar-a-5600cb16-97a5-4a16-829c-b3951a7bb196","Trotz Verbot liefen die ""Querdenker"" fröhlich mit Polonaise durch die Fußgängerzone."
"223","2020-05-05","internetbasiert","Neue Partei von Corona-Skeptikern: Der Großverschwörung auf der Spur. Tazgezwitscher, 2020-05-05","https://taz.de/!5682965/","Dabei trug er ein Alu-Kügelchen am Revers – als Erkenntniszeichen der selbst ernannten „Querdenker“."
"224","2020-11-29","internetbasiert","Bouffier widerspricht Söder: Kanzlerkanditatur schnell entscheiden. Berliner Morgenpost, 2020-11-29","https://www.morgenpost.de/politik/article231026462/CDU-Vize-Bouffier-Corona-Demonstranten-ernst-nehmen.html","Und es dient der Prävention, wenn der Verfassungsschutz bei den Protesten der „Querdenker“ genau hinschaut."
"225","2020-05-19","internetbasiert","LeserInnenbriefe zur Coronakrise: „Seid ihr noch unabhängig?“. Tazgezwitscher, 2020-05-19","https://taz.de/!5685679/","Ich bitte die taz, sich von den vermeintlichen Besserwissern und angeblichen Querdenkern nicht auf ein Boulevard Blatt mit Sensationen und Halbwahrheiten herabzulassen, nur weil ein paar Hysteriker und Sensationslustige heftige Kritik an eurer Arbeit äußern ."
"226","2020-09-29","internetbasiert","Pflanzt uns Bill Gates Mikrochips ein?. profil.at, 2020-09-29","https://profil.at/gesellschaft/coronavirus-pflanzt-uns-bill-gates-mikrochips-ein/401047636","Es handelt sich dabei um Kanäle, auf denen sich selbst ernannte ""Querdenker"" tummeln."
"227","2020-12-01","internetbasiert","Kommentar: Corona-Demo in Leipzig: Warum die Justiz versagt hat. Handelsblatt_De, 2020-12-01","https://www.handelsblatt.com/meinung/kommentare/kommentar-corona-demo-in-leipzig-warum-die-justiz-versagt-hat/26605674.html","Deshalb wirft es Fragen auf, dass inmitten der eskalierenden Corona-Pandemie um die 20.000 „Querdenker“ in der Leipziger Innenstadt demonstrieren konnten."
"228","2020-11-29","internetbasiert","„Empörend“: Söder attackiert „Querdenkerin Jana aus Kassel“ und nennt Grund für hohe Zahlen in Bayern. Merkur.de, 2020-11-29","https://www.merkur.de/bayern/soeder-coronavirus-bayern-jana-kassel-querdenker-regeln-regierungserklaerung-weihnachten-zr-90113463.html","Die Querdenker will sie derweil nicht als „Denker“ bezeichnen, „denn das tun sie ja nicht“, so Schulze."
"229","2020-10-26","internetbasiert","Schluss mit der Toleranz gegenüber radikalen Corona-Skeptikern. Tagesspiegel, 2020-10-26","https://www.tagesspiegel.de/berlin/nach-wilden-protesten-in-berlin-schluss-mit-der-toleranz-gegenueber-radikalen-corona-skeptikern/26308660.html","Wenige Minuten nach Beginn eskaliert die Situation, weil die “Querdenker” ohne Freigabe der Polizei einfach loslaufen."
"230","2020-11-29","internetbasiert","Corona-Hotspot Hildburghausen: Auflagen werden erneut verschärft. Berliner Morgenpost, 2020-11-29","https://www.morgenpost.de/politik/inland/article231008670/Hildburghausen-Corona-Hotspot-Thueringen-Regeln-Proteste-Demonstration.html","Die Thüringer Polizei verneinte auf Anfrage, dass hinter der Aktion ein Bündnis a la „ Querdenker “ oder ein rechter Initiator stehen könnte."
"231","2020-11-08","internetbasiert","Corona-Demo in Leipzig: ""Potenzielles Super-Spreader-Event"". Politik, 2020-11-08","https://www.zdf.de/uri/75f2665a-6cb1-4a90-8bb1-2fe843198686","""Die Eskalation und das rücksichtslose Verhalten der sogenannten Querdenker sind erschütternd."
"232","2020-04-22","internetbasiert","Virgin-Gründer Richard Branson: Ein Milliardär pumpt den Staat an - DER SPIEGEL - Politik. Derspiegel, 2020-04-22","https://www.spiegel.de/politik/ausland/corona-richard-branson-milliardaer-in-der-krise-a-6595be31-3aa0-4f71-a33a-8f4df7553224","Sorgfältig kultivierte Branson das Image des Querdenkers, der sich nicht von Konventionen einengen lässt, sondern neue Horizonte erschließt."
"233","2020-05-05","internetbasiert","Neue Partei von Corona-Skeptikern: Der Großverschwörung auf der Spur. Tazgezwitscher, 2020-05-05","https://taz.de/!5682965/","Dabei trug er ein Alu-Kügelchen am Revers – als Erkenntniszeichen der selbst ernannten „Querdenker“."
